TIME,30.0463,30.3998,30.7617,31.1323,31.512,31.901,32.2998,32.7087,33.128,33.5582,33.9998,34.4531,34.9187,35.397,35.8887,36.3941,36.9141,37.449,37.9998,38.5669,39.1513,39.7536,40.3748,41.0156,41.6772,42.3604,43.0664,43.7963,44.5515,45.3331,46.1426,46.9815,47.8516,48.7544,49.692,50.6664,51.6797,52.7344,53.833,54.9784,56.1736,57.4219,58.7269,60.0927,61.5234,63.024,64.5996,66.256,67.9996,69.8374,71.7773,73.8281,75.9995,78.3026,80.7495,83.3543,86.1328,89.1029,92.2852,95.7031,99.384,103.359,107.666,112.347,117.454,123.047,129.199,135.999,143.555,151.999,161.499,172.266,184.57,198.768,215.332,234.908,258.398,287.109,322.998,369.141,430.664
0.000000000,0,0,0.000553749,0.00106124,0.0004666,0.000274983,0.227363,1.11859,0.600375,0.0311385,0.000163036,0.000105565,1.82505e-05,0.000136864,0.000149726,0.000105086,0.000147703,0.19051,2.81825,3.76248,0.694899,0.00028654,1.1901e-05,0,0,0.000138852,0.000280189,0.000245154,0.0382384,0.579798,1.08718,0.164238,0.000190154,0.000289408,4.63633e-05,0.000264168,0.000369791,0,0,0.00735585,1.32533,4.57174,1.90122,0.0684612,2.93621e-05,3.96412e-08,2.7602e-09,0.000267629,0.000621636,0.00054766,0.000283556,0.188867,1.13293,0.659977,0.00952243,9.23709e-05,7.65522e-07,7.60888e-07,6.41552e-07,2.53094e-07,0,4.37803e-08,0.27804,2.97111,3.38142,0.560269,1.87274e-07,4.5829e-07,5.33969e-07,1.00289e-06,9.04777e-07,5.25826e-07,4.68549e-07,0.0101067,0.401196,0.799622,0.0868666,5.71713e-08,1.40295e-07,2.66323e-07,1.52314e-06
1.486077098,0,0,0.000553749,0.00106124,0.0004666,0.000274983,0.348905,1.42284,0.705348,0.0311385,0.000163036,0.000105565,1.82505e-05,0.000136864,0.000149726,0.000105086,0.000147703,0.251165,3.36964,4.28816,0.787431,0.00028654,1.1901e-05,0,0,0.000138852,0.000280189,0.000245154,0.0382384,0.848654,1.38826,0.244044,0.000190154,0.000289408,4.63633e-05,0.000264168,0.000369791,0,0,0.0337926,1.70415,5.19624,2.08375,0.0684612,2.93621e-05,3.96412e-08,2.7602e-09,0.000267629,0.000621636,0.00054766,0.000283556,0.188867,1.30756,0.814542,0.0420688,9.23709e-05,7.65522e-07,7.60888e-07,6.41552e-07,2.53094e-07,0,4.37803e-08,0.433628,3.65028,4.01661,0.659358,1.87274e-07,4.5829e-07,5.33969e-07,1.00289e-06,9.04777e-07,5.25826e-07,4.68549e-07,0.0101067,0.401196,0.799622,0.0868666,5.71713e-08,1.40295e-07,2.66323e-07,1.52314e-06
2.972154195,0,0,0.000553749,0.00106124,0.0004666,0.000274983,0.407149,1.70283,0.974441,0.0738154,0.000163036,0.000105565,1.82505e-05,0.000136864,0.000149726,0.000105086,0.000147703,0.251165,3.72284,4.86197,0.993926,0.00028654,1.1901e-05,0,0,0.000138852,0.000280189,0.000245154,0.0382384,0.953837,1.66099,0.358339,0.000190154,0.000289408,4.63633e-05,0.000264168,0.000369791,0,0,0.0337926,2.07303,6.00899,2.49712,0.0711886,2.93621e-05,3.96412e-08,2.7602e-09,0.000267629,0.000621636,0.00054766,0.000283556,0.318956,1.72797,1.09533,0.0604105,9.23709e-05,7.65522e-07,7.60888e-07,6.41552e-07,2.53094e-07,0,4.37803e-08,0.463003,4.02907,4.4413,0.728582,1.87274e-07,4.5829e-07,5.33969e-07,1.00289e-06,9.04777e-07,5.25826e-07,4.68549e-07,0.013081,0.696204,1.25633,0.205575,5.71713e-08,1.40295e-07,2.66323e-07,1.52314e-06
4.458231293,0,0,0.000553749,0.00106124,0.0004666,0.000274983,0.448243,1.79046,1.01993,0.0738154,0.000163036,0.000105565,1.82505e-05,0.000136864,0.000149726,0.000105086,0.000147703,0.368178,4.32802,5.46518,1.02189,0.00028654,1.1901e-05,0,0,0.000138852,0.000280189,0.000245154,0.0382384,0.953837,1.66099,0.358339,0.000190154,0.000289408,4.63633e-05,0.000264168,0.000369791,0,0,0.0395481,2.34981,6.6893,2.86249,0.0711886,2.93621e-05,3.96412e-08,2.7602e-09,0.000267629,0.000621636,0.00054766,0.000283556,0.318956,1.72797,1.09533,0.0604105,9.23709e-05,7.65522e-07,7.60888e-07,6.41552e-07,2.53094e-07,0,4.37803e-08,0.579355,4.61545,5.05418,0.844808,1.87274e-07,4.5829e-07,5.33969e-07,1.00289e-06,9.04777e-07,5.25826e-07,4.68549e-07,0.013081,0.696204,1.25633,0.205575,5.71713e-08,1.40295e-07,2.66323e-07,1.52314e-06
5.944308390,0,0,0.000553749,0.00106124,0.0004666,0.000274983,0.481443,1.83175,1.03096,0.0738154,0.000163036,0.000105565,1.82505e-05,0.000136864,0.000149726,0.000105086,0.000147703,0.382727,4.48357,5.65461,1.03735,0.00028654,1.1901e-05,0,0,0.000138852,0.000280189,0.000245154,0.0418782,1.06738,1.79333,0.389194,0.000190154,0.000289408,4.63633e-05,0.000264168,0.000369791,0,0,0.0395481,2.63064,7.31256,3.07887,0.0711886,2.93621e-05,3.96412e-08,2.7602e-09,0.000267629,0.000621636,0.00054766,0.000283556,0.357269,1.83892,1.16719,0.062991,9.23709e-05,7.65522e-07,7.60888e-07,6.41552e-07,2.53094e-07,0,4.37803e-08,0.609556,5.04003,5.43547,0.87084,1.87274e-07,4.5829e-07,5.33969e-07,1.00289e-06,9.04777e-07,5.25826e-07,4.68549e-07,0.013081,0.771157,1.362,0.240145,5.71713e-08,1.40295e-07,2.66323e-07,1.52314e-06
7.430385488,0,0,0.000553749,0.00391583,0.0104338,0.00552041,0.513581,1.93818,1.12542,0.0914504,0.000163036,0.000105565,1.82505e-05,0.000136864,0.000149726,0.000105086,0.000147703,0.383043,4.57112,5.8302,1.10706,0.00028654,1.1901e-05,0,0,0.000399157,0.00156405,0.00179064,0.0418782,1.08723,1.84148,0.418645,0.000190154,0.000289408,4.63633e-05,0.000264168,0.000369791,0,0,0.0395481,2.72059,7.5442,3.19841,0.0711886,2.93621e-05,3.96412e-08,2.7602e-09,0.000267629,0.000621636,0.00054766,0.000283556,0.384734,1.9151,1.2196,0.0646577,9.23709e-05,7.65522e-07,7.60888e-07,6.41552e-07,2.53094e-07,0,4.37803e-08,0.623978,5.10513,5.49595,0.877429,1.87274e-07,4.5829e-07,5.33969e-07,1.00289e-06,9.04777e-07,5.25826e-07,4.68549e-07,0.013081,0.781478,1.38931,0.258025,5.71713e-08,1.40295e-07,2.66323e-07,1.52314e-06
8.916462585,0.000643505,0,0.000553749,0.00391583,0.0104338,0.00552041,0.544262,2.01888,1.16794,0.0914504,0.00180365,0.00223083,0.000562111,0.000136864,0.000149726,0.000105086,0.000147703,0.400058,4.73358,5.97,1.13236,0.00256034,0.00513332,0.00151756,0,0.000399157,0.00156405,0.00179064,0.0418782,1.08723,1.84148,0.418645,0.00145124,0.00540973,0.00168832,0.000264168,0.000369791,0,0,0.0395481,2.78515,7.7328,3.28138,0.0711886,2.93621e-05,3.96412e-08,2.7602e-09,0.000267629,0.00444095,0.0134788,0.00615023,0.384734,1.9151,1.2196,0.0646577,0.00453441,0.00395442,0.000841249,6.41552e-07,2.53094e-07,0,4.37803e-08,0.62717,5.2888,5.75267,0.955409,1.87274e-07,4.5829e-07,5.33969e-07,1.00289e-06,0.0026341,0.00941425,0.00546377,0.013081,0.781478,1.38931,0.258025,0.000236736,0.0057103,0.00197552,1.52314e-06
10.402539683,0.000643505,0,0.000553749,0.00391583,0.0104338,0.00552041,0.568545,2.14277,1.21773,0.0914504,0.00180365,0.00223083,0.000562111,0.000136864,0.000149726,0.000105086,0.000147703,0.415125,4.84822,6.12247,1.14829,0.00256034,0.00513332,0.00151756,0,0.000399157,0.00156405,0.00179064,0.0423777,1.14792,1.96733,0.447719,0.00145124,0.00540973,0.00168832,0.000264168,0.000369791,0,0,0.0395481,2.83346,7.88028,3.31503,0.0711886,2.93621e-05,3.96412e-08,2.7602e-09,0.000267629,0.00444095,0.0134788,0.00615023,0.421496,2.04625,1.29212,0.0646577,0.00453441,0.00395442,0.000841249,6.41552e-07,2.53094e-07,0,4.37803e-08,0.633319,5.38974,5.83782,0.959754,1.87274e-07,4.5829e-07,5.33969e-07,1.00289e-06,0.0026341,0.00941425,0.00546377,0.013081,0.811624,1.44635,0.273272,0.000236736,0.0057103,0.00197552,1.52314e-06
11.888616780,0.000643505,0,0.000553749,0.00391583,0.0122078,0.0137915,0.573744,2.1533,1.2443,0.0931384,0.00180365,0.00223083,0.000562111,0.000136864,0.000149726,0.000105086,0.000147703,0.423306,4.98989,6.33973,1.20211,0.00256034,0.00513332,0.00151756,0,0.000399157,0.0029128,0.00830802,0.0473075,1.15844,2.0066,0.450234,0.00145124,0.00540973,0.00168832,0.000264168,0.000369791,0,0,0.0395481,2.92718,8.23639,3.4643,0.0711886,2.93621e-05,3.96412e-08,2.7602e-09,0.000267629,0.00444095,0.0134788,0.00615023,0.421496,2.05837,1.3144,0.0660561,0.00453441,0.00395442,0.000841249,6.41552e-07,2.53094e-07,0,4.37803e-08,0.678497,5.64813,6.07398,1.00147,1.87274e-07,4.5829e-07,5.33969e-07,1.00289e-06,0.0026341,0.00941425,0.00546377,0.01339,0.827592,1.47973,0.275071,0.000236736,0.0057103,0.00197552,1.52314e-06
13.374693878,0.000693294,0,0,0.00285459,0.0117411,0.0135404,0.574273,2.16348,1.24828,0.0934317,0.00238862,0.00229364,0.0141449,0.0143084,0.0034401,0,0,0.423436,5.17874,6.51535,1.23051,0.00259253,0.00519601,0.00151756,0,0.000493002,0.00358487,0.00878871,0.047319,1.15877,2.00947,0.452184,0.00818222,0.00758355,0.00269581,0.00772676,0.00486576,0,0,0.0395476,2.9822,8.46861,3.52889,0.0738415,0,0,0,0,0.00381932,0.0153018,0.0165724,0.42696,2.0591,1.31522,0.0698466,0.00868902,0.00479401,0.000840488,0,0,0,0,0.68147,5.80124,6.32258,1.04637,0,0,0,0,0.0026332,0.0109703,0.0126868,0.0178058,0.828315,1.47973,0.276105,0.00388534,0.00695029,0.0020723,0
14.860770975,0.000693294,0.0110046,0.0191606,0.00725644,0.0117411,0.0135404,0.574273,2.16993,1.25004,0.0934317,0.00238862,0.00229364,0.0141449,0.0143084,0.0034401,0,0,0.426511,4.93072,6.08659,1.02838,0.00259253,0.00519601,0.00305215,0.00858014,0.00978495,0.00358487,0.00878871,0.047319,1.16415,2.01859,0.453674,0.00818222,0.00758355,0.00269581,0.00772676,0.00486576,0,0,0.0396675,2.75397,7.9118,3.19568,0.0738415,0,7.10669e-05,0.00526198,0.00768979,0.00398695,0.0153018,0.0165724,0.428107,2.07358,1.32098,0.0698466,0.00868902,0.00479401,0.00862185,0.0116473,0.00419097,0,0,0.615306,5.52709,6.00141,0.939518,0,0,0.000159828,0.00117914,0.00402035,0.0109703,0.0126868,0.0178058,0.829973,1.48598,0.276167,0.00388534,0.00695029,0.00383078,0.0145258
16.346848073,0.000693294,0.0110046,0.0191606,0.00725644,0.0117411,0.0135165,0.470461,1.85229,1.14521,0.0953215,0.00238862,0.00229364,0.0141449,0.0143084,0.0034401,0,0,0.401997,4.5715,5.93099,1.00021,0.00279508,0.00519601,0.00305215,0.00858014,0.00978495,0.00358487,0.00878871,0.0284328,1.01301,1.81033,0.456364,0.00818222,0.00758355,0.00269581,0.00772676,0.00486576,0,0,0.0323121,2.54397,7.38554,3.15034,0.0554697,0,7.10669e-05,0.00526198,0.00768979,0.00398695,0.0153018,0.0165724,0.428695,2.07738,1.32666,0.0698466,0.00868902,0.00479401,0.00862185,0.0116473,0.00419097,0,0,0.585012,5.07256,5.61681,0.846551,0,0,0.000159828,0.00117914,0.00402035,0.0109703,0.0126868,0.017833,0.832012,1.49065,0.276269,0.00388534,0.00695029,0.00383078,0.0145258
17.832925170,0.000693294,0.0110046,0.0191606,0.00725644,0.0117411,0.0135165,0.496599,1.79535,1.08541,0.0956722,0.00238862,0.00229364,0.0141449,0.0143084,0.0034401,0,0,0.375607,4.33557,5.51097,0.967843,0.00279508,0.00519601,0.00305215,0.00858014,0.00978495,0.00358487,0.00878871,0.0283645,1.00092,1.6627,0.394278,0.00818222,0.00758355,0.00269581,0.00772676,0.00486576,0,0,0.0443996,2.573,7.14647,3.1011,0.0554697,0,7.10669e-05,0.00526198,0.00768979,0.00398695,0.0153018,0.0165724,0.294239,1.4955,1.0292,0.0698466,0.00868902,0.00479401,0.00862185,0.0116473,0.00419097,0,0,0.634398,5.00111,5.481,0.84204,0,0,0.000159828,0.00117914,0.00402035,0.0109703,0.0126868,0.0178129,0.65667,1.17721,0.227696,0.00388534,0.00695029,0.00383078,0.0145258
19.319002268,0.000693294,0.0110046,0.0191606,0.00725644,0.0117411,0.0135165,0.51106,1.85862,1.0926,0.113864,0.00238862,0.00229364,0.0141449,0.0143084,0.0034401,0,0,0.375607,4.11859,5.00898,0.839807,0.00279508,0.00519601,0.00305215,0.00858014,0.00978495,0.00358487,0.00878871,0.0283645,1.05747,1.73114,0.448843,0.00818222,0.00758355,0.00269581,0.00772676,0.00486576,0,0,0.0443996,2.53298,6.55828,2.78969,0.0229735,0,7.10669e-05,0.00526198,0.00768979,0.00398695,0.0153018,0.0165724,0.352743,1.76418,1.17439,0.0903249,0.00868902,0.00479401,0.00862185,0.0116473,0.00419097,0,0,0.60587,4.75796,5.04041,0.756449,0,0,0.000159828,0.00117914,0.00402035,0.0109703,0.0126868,0.0202769,0.772438,1.30571,0.284337,0.00388534,0.00695029,0.00383078,0.0145258
20.805079365,0.000693294,0.0110046,0.0191606,0.00725644,0.0117411,0.0135165,0.434208,1.58574,0.99543,0.113864,0.00238862,0.00229364,0.0141449,0.0143084,0.0034401,0,0,0.369397,3.80711,4.89845,0.839654,0.00279508,0.00519601,0.00305215,0.00858014,0.00978495,0.00358487,0.00878871,0.0091955,0.862502,1.49985,0.429145,0.00818222,0.00758355,0.00269581,0.00772676,0.00486576,0,0,0.0443996,2.34289,6.31459,2.80113,0.0229735,0,7.10669e-05,0.00526198,0.00768979,0.00398695,0.0153018,0.0165724,0.331584,1.62317,1.08156,0.0903249,0.00868902,0.00479401,0.00862185,0.0116473,0.00419097,0,0,0.546317,4.35343,4.73506,0.724324,0,0,0.000159828,0.00117914,0.00402035,0.0109703,0.0126868,0.0202769,0.772438,1.30571,0.284337,0.00388534,0.00695029,0.00383078,0.0145258
22.291156463,0.000693294,0.0110046,0.0191606,0.00725644,0.0117411,0.0135165,0.480543,1.46099,0.871339,0.0828839,0.00238862,0.00229364,0.0141449,0.0143084,0.0034401,0,0,0.391296,3.84623,4.82742,0.831563,0.00279508,0.00519601,0.00305215,0.00858014,0.00978495,0.00358487,0.00878871,0.00978958,0.886815,1.38397,0.412888,0.00818222,0.00758355,0.00269581,0.00772676,0.00486576,0,0,0.0490042,2.39228,6.28497,2.79053,0.0229735,0,7.10669e-05,0.00526198,0.00768979,0.00398695,0.0153018,0.0165724,0.301996,1.32114,0.953223,0.087544,0.00868902,0.00479401,0.00862185,0.0116473,0.00419097,0,0,0.57973,4.48632,4.88032,0.725169,0,0,0.000159828,0.00117914,0.00402035,0.0109703,0.0126868,0.0101911,0.581842,0.932675,0.24622,0.00388534,0.00695029,0.00383078,0.0145258
23.777233560,0.00851286,0.0110046,0.0191606,0.0083428,0.0165949,0.016125,0.517961,1.56771,0.941577,0.0835933,0.0068264,0.00867113,0.016151,0.0143084,0.0034401,0,0,0.34372,3.50906,4.19559,0.743835,0.0175691,0.0287877,0.0120248,0.00858014,0.00978495,0.00358487,0.00878871,0.00978958,0.927088,1.46509,0.44813,0.00818222,0.00758355,0.00269581,0.00772676,0.00486576,0,0,0.0490042,2.35775,5.73182,2.42653,0.0122011,0,7.10669e-05,0.00526198,0.00768979,0.00398695,0.0153018,0.0165724,0.348735,1.45309,1.0335,0.0914159,0.00868902,0.00479401,0.00862185,0.0116473,0.00419097,0,0,0.572614,4.18444,4.3658,0.663716,0,0,0.000159828,0.00117914,0.00402035,0.0109703,0.0126868,0.0101911,0.71702,1.133,0.302996,0.00388534,0.00695029,0.00383078,0.0145258
25.263310658,0.00851286,0.0110046,0.0191606,0.0146863,0.0335995,0.026901,0.398656,1.26877,0.839274,0.0835933,0.0068264,0.00867113,0.016151,0.0143084,0.00840516,0.0207886,0.0161208,0.28657,3.01838,3.72287,0.656609,0.0177692,0.0288973,0.0120248,0.00858014,0.0102982,0.00613505,0.0110084,0.00978958,0.658232,1.16401,0.368324,0.00818222,0.00758355,0.00269581,0.00772676,0.00486576,0.00605207,0.00798387,0.0243803,1.98762,5.16754,2.27512,0.0191951,0.0146507,0.0077069,0.00526198,0.00768979,0.00538663,0.0214481,0.0195205,0.348735,1.27846,0.878931,0.0588695,0.00868902,0.00479401,0.00862185,0.0116473,0.00506276,0.0101968,0.00955886,0.437385,3.57262,3.78325,0.568213,0.019039,0.0291964,0.0115449,0.00218642,0.00411026,0.0113808,0.0129365,0.0101911,0.71702,1.133,0.302996,0.00388534,0.00695029,0.00383078,0.0145258
26.749387755,0.00874815,0.0110046,0.0191606,0.0146863,0.0335995,0.026901,0.342266,0.997468,0.57098,0.0409164,0.00848482,0.0101517,0.0164238,0.0143084,0.00840516,0.020855,0.0162616,0.289777,2.7358,3.25662,0.470383,0.0195801,0.0323613,0.0128029,0.00858014,0.0102982,0.00614218,0.0110411,0.0101336,0.572858,0.926471,0.256668,0.00959968,0.0124301,0.00385986,0.00772676,0.00486576,0.00605207,0.00804386,0.0244183,1.66285,4.47781,1.89065,0.0164678,0.0146507,0.0077069,0.00526198,0.00768979,0.00538663,0.0215136,0.0196288,0.2248,0.8888,0.620406,0.0405279,0.010417,0.00574681,0.00875276,0.0116577,0.00506546,0.0102481,0.00972088,0.410486,3.25159,3.41553,0.504471,0.019137,0.0292056,0.0115449,0.00218642,0.00411026,0.0113808,0.0129365,0.00721684,0.449504,0.730424,0.198657,0.00413427,0.0096708,0.00452115,0.0145258
28.235464853,0.00874815,0.0110046,0.0191606,0.0146863,0.0335995,0.026901,0.325617,1.00809,0.583656,0.0428132,0.00848482,0.0101517,0.0164238,0.0143084,0.00840516,0.020855,0.0162616,0.18124,2.18315,2.74001,0.459906,0.0195801,0.0323613,0.0128029,0.00858014,0.0102982,0.00614218,0.0110411,0.0101336,0.604689,1.00725,0.286302,0.00959968,0.0124301,0.00385986,0.00772676,0.00486576,0.00605207,0.00804386,0.0186628,1.4253,3.94104,1.59531,0.0164678,0.0146507,0.0077069,0.00526198,0.00768979,0.00538663,0.0215136,0.0196288,0.243222,0.946239,0.657527,0.0431257,0.010417,0.00574681,0.00875276,0.0116577,0.00506546,0.0102481,0.00972088,0.302499,2.73001,2.89488,0.412196,0.019137,0.0292056,0.0115449,0.00218642,0.00411026,0.0113808,0.0129365,0.00790227,0.475823,0.768706,0.20753,0.00413427,0.0096708,0.00452115,0.0145258
29.721541950,0.00874815,0.0110046,0.0191606,0.0146863,0.0335995,0.026901,0.300117,0.995429,0.580503,0.0428132,0.00848482,0.0101517,0.0164238,0.0143084,0.00840516,0.020855,0.0162616,0.166691,2.24493,2.78265,0.500626,0.0195801,0.0323613,0.0128029,0.00858014,0.0102982,0.00614218,0.0110411,0.00649384,0.491148,0.87491,0.255448,0.00959968,0.0124301,0.00385986,0.00772676,0.00486576,0.00605207,0.00804386,0.0186628,1.17772,3.55842,1.54518,0.0425026,0.0146507,0.0077069,0.00526198,0.00768979,0.00538663,0.0215136,0.0196288,0.204909,0.835289,0.585665,0.0405451,0.010417,0.00574681,0.00875276,0.0116577,0.00506546,0.0102481,0.00972088,0.303415,2.50668,2.70422,0.417553,0.019137,0.0292056,0.0115449,0.00218642,0.00411026,0.0113808,0.0129365,0.00790227,0.40087,0.663038,0.172961,0.00413427,0.0096708,0.00452115,0.0145258
31.207619048,0.00874815,0.0110046,0.0191606,0.0118317,0.0236323,0.0216556,0.28634,1.00566,0.53929,0.0300247,0.00848482,0.0101517,0.0164238,0.0143084,0.00840516,0.020855,0.0162616,0.189282,2.3423,2.83097,0.4341,0.0195801,0.0323613,0.0128029,0.00858014,0.0100379,0.00485831,0.00949563,0.0153353,0.552613,0.955754,0.245426,0.00959968,0.0124301,0.00385986,0.00772676,0.00486576,0.00605207,0.00804386,0.0193196,1.22042,3.69107,1.48447,0.0425026,0.0146507,0.0077069,0.00526198,0.00768979,0.00538663,0.0215136,0.0196288,0.195871,0.896139,0.592883,0.0399559,0.010417,0.00574681,0.00875276,0.0116577,0.00506546,0.0102481,0.00972088,0.319609,2.64862,2.83753,0.425834,0.019137,0.0292056,0.0115449,0.00218642,0.00411026,0.0113808,0.0129365,0.0123524,0.434521,0.723107,0.159737,0.00413427,0.0096708,0.00452115,0.0145258
32.693696145,0.00810464,0.0110046,0.0191606,0.0118317,0.0236323,0.0216556,0.256177,0.936028,0.520525,0.032595,0.0068442,0.00802644,0.0158799,0.0143084,0.00840516,0.020855,0.0162616,0.172558,2.29936,2.89962,0.449209,0.0174868,0.0272399,0.0112853,0.00858014,0.0100379,0.00485831,0.00949563,0.0153353,0.571904,1.00426,0.25527,0.0083386,0.00730978,0.00221791,0.00772676,0.00486576,0.00605207,0.00804386,0.0193196,1.18187,3.7808,1.49258,0.0461678,0.0146507,0.0077069,0.00526198,0.00768979,0.00156732,0.00858249,0.0137622,0.200467,0.918948,0.621017,0.0399559,0.00597494,0.00179316,0.00791227,0.0116577,0.00506546,0.0102481,0.00972088,0.31969,2.6857,2.79207,0.362504,0.019137,0.0292056,0.0115449,0.00218642,0.00147706,0.00196708,0.00747318,0.0126253,0.459446,0.767146,0.164174,0.0038976,0.00396064,0.0025459,0.0145258
34.179773243,0.00810464,0.0110046,0.0191606,0.0118317,0.0236323,0.0216556,0.250138,0.884408,0.492361,0.0328821,0.0068442,0.00802644,0.0158799,0.0143084,0.00840516,0.020855,0.0162616,0.186604,2.37211,2.91536,0.434322,0.0174868,0.0272399,0.0112853,0.00858014,0.0100379,0.00485831,0.00949563,0.0148357,0.550051,0.921417,0.230895,0.0083386,0.00730978,0.00221791,0.00772676,0.00486576,0.00605207,0.00804386,0.0244308,1.24714,3.87314,1.5751,0.0461678,0.0146507,0.0077069,0.00526198,0.00768979,0.00156732,0.00858249,0.0137622,0.163705,0.787794,0.548495,0.0399559,0.00597494,0.00179316,0.00791227,0.0116577,0.00506546,0.0102481,0.00972088,0.359283,2.76199,2.92317,0.372878,0.019137,0.0292056,0.0115449,0.00218642,0.00147706,0.00196708,0.00747318,0.0126253,0.4293,0.710107,0.148927,0.0038976,0.00396064,0.0025459,0.0145258
35.665850340,0.0160497,0.0126659,0.0191606,0.0118317,0.0218584,0.0133845,0.253068,0.946548,0.519402,0.031194,0.0068442,0.00802644,0.0158799,0.0143084,0.00840516,0.020855,0.0162616,0.178542,2.33145,2.83076,0.411667,0.0174868,0.0272399,0.0112853,0.00858014,0.0100379,0.00350957,0.00297824,0.00993831,0.560351,0.938384,0.243867,0.0083386,0.00730978,0.00221791,0.00772676,0.00486576,0.00605207,0.00804386,0.0244308,1.17723,3.60588,1.46775,0.0464258,0.0146507,0.0077069,0.00526198,0.00768979,0.00156732,0.00858249,0.0137622,0.174011,0.888596,0.603324,0.0429335,0.00597494,0.00179316,0.00791227,0.0116577,0.00506546,0.0102481,0.00972088,0.317068,2.59723,2.78773,0.349303,0.019137,0.0292056,0.0115449,0.00218642,0.00147706,0.00196708,0.00747318,0.0127327,0.438867,0.735201,0.152738,0.0038976,0.00396064,0.0025459,0.0145258
37.151927438,0.0159999,0.0126659,0.0191606,0.0118317,0.0218584,0.0133845,0.252539,0.93668,0.515843,0.0320845,0.00916668,0.0167255,0.00790761,0,0.00496507,0.020855,0.0162616,0.184699,2.19108,2.69511,0.383054,0.0226196,0.0478911,0.0309643,0.00858014,0.00980523,0.00255731,0.00225241,0.00981193,0.583337,0.976323,0.262212,0.00141746,0.00484655,0.00116405,0,0,0.00605207,0.00804386,0.0244308,1.20866,3.5659,1.46525,0.0443842,0.0219423,0.01964,0.00538544,0.00768979,0.00156732,0.00621183,0.00305644,0.168639,0.896874,0.611808,0.0399514,0.00172796,0.000952802,0.00791227,0.0116577,0.00506546,0.0102481,0.00972088,0.319084,2.5117,2.60802,0.307851,0.0316924,0.0538342,0.0115449,0.00218642,0.00147706,0.000410493,0.000249643,0.00831619,0.452617,0.75664,0.159077,0.000248933,0.0027205,0.00244885,0.0145258
38.638004535,0.0159999,0.00166126,0,0.0133897,0.0285765,0.017666,0.278291,0.974691,0.531693,0.0320845,0.00916668,0.0167255,0.00790761,0,0.0177459,0.0426271,0.0247359,0.1826,2.15284,2.63018,0.381782,0.0226196,0.0478911,0.0294298,0,0.000513283,0.00255731,0.00225241,0.0109184,0.597156,0.989639,0.267253,0.00454135,0.00484655,0.00116405,0,0.00125194,0.0136449,0.011586,0.0249031,1.23758,3.61333,1.58473,0.0443842,0.0219423,0.0195689,0.000123468,0,0.00139969,0.00621183,0.00511556,0.169411,0.882402,0.606051,0.0399927,0.00172796,0.000952802,0.000130916,1.04096e-05,0.0148259,0.0426773,0.022618,0.322755,2.46659,2.55539,0.301486,0.0316924,0.0692934,0.0417099,0.00100728,8.99089e-05,0.000410493,0.000374084,0.00900753,0.450959,0.750393,0.161558,0.0016482,0.0027205,0.000690364,0
40.124081633,0.0159999,0.00166126,0,0.0133897,0.0285765,0.017666,0.281829,0.988941,0.545215,0.0354668,0.0126973,0.0194756,0.00790761,0,0.0177459,0.0426271,0.0247359,0.164987,2.02346,2.40018,0.354642,0.0233136,0.0491592,0.0294298,0,0.000513283,0.00255731,0.00225241,0.0109184,0.61012,1.02098,0.284547,0.00474857,0.00719003,0.00116405,0,0.00125194,0.0136449,0.011586,0.0249031,1.24765,3.40015,1.41773,0.0399982,0.0241164,0.0210362,0.000123468,0,0.00139969,0.00621183,0.00511556,0.192644,0.948249,0.649815,0.0442153,0.00172796,0.000952802,0.000130916,1.04096e-05,0.0148259,0.0426773,0.022618,0.325158,2.39581,2.39507,0.267147,0.0316924,0.0692934,0.0417099,0.00100728,8.99089e-05,0.000410493,0.000374084,0.00898031,0.502206,0.837922,0.192351,0.0016482,0.0027205,0.000690364,0
41.610158730,0.0159999,0.00166126,0,0.0133897,0.029969,0.0183028,0.209084,0.797449,0.482842,0.035611,0.0130913,0.0194756,0.00790761,0,0.0177459,0.0426271,0.0247359,0.131293,1.87066,2.3235,0.372824,0.0233136,0.0491592,0.0294298,0,0.000513283,0.0030413,0.00673005,0.0113102,0.494668,0.905945,0.261892,0.00481082,0.00719003,0.00116405,0,0.00125194,0.0136449,0.0117626,0.0128313,1.09084,3.26227,1.424,0.0399982,0.0241164,0.0210362,0.000123468,0,0.00139969,0.00692807,0.00637877,0.19275,0.950066,0.65061,0.045056,0.00854906,0.00593192,0.000130916,1.04096e-05,0.0148259,0.0426773,0.022618,0.243329,2.13407,2.21821,0.28314,0.0316924,0.0692934,0.0417099,0.00100728,8.99089e-05,0.00202626,0.00420387,0.00930601,0.502206,0.837922,0.192429,0.00260515,0.00350755,0.000690364,0
43.096235828,0.0159999,0.00166126,0,0.0133897,0.029969,0.0183512,0.199625,0.731369,0.404702,0.0173001,0.0130913,0.0194756,0.00790761,0,0.0177459,0.0426271,0.0247784,0.139675,1.71265,2.11173,0.30773,0.0233136,0.0491592,0.0294298,0,0.000513283,0.0030413,0.00685063,0.0120561,0.428104,0.767387,0.209361,0.00481082,0.00719003,0.00116405,0,0.00125194,0.0136449,0.0117626,0.0128313,1.0147,3.0729,1.31665,0.037765,0.0241164,0.0210362,0.000123468,0,0.00139969,0.00692807,0.00648397,0.135039,0.649474,0.444443,0.0244726,0.00854906,0.00593192,0.000130916,1.04096e-05,0.0148259,0.0426773,0.022618,0.230323,1.94774,2.013,0.239512,0.0316924,0.0692934,0.0417099,0.00100728,8.99089e-05,0.00202626,0.00424045,0.00717711,0.351989,0.598734,0.135704,0.00265977,0.00350755,0.000690364,0
44.582312925,0.0159999,0.00166126,0.00141334,0.0136307,0.029969,0.0183512,0.205101,0.760104,0.426728,0.0199766,0.0130913,0.0194756,0.00790761,0.0189065,0.0239488,0.0426271,0.0247784,0.123925,1.56505,1.89764,0.270229,0.0233136,0.0491592,0.0294298,0.00437809,0.00196352,0.0030413,0.00685063,0.0120561,0.436221,0.795484,0.214933,0.00481082,0.00719003,0.00116405,0.00146668,0.00288252,0.0136449,0.0117626,0.0128313,0.975057,2.97886,1.20358,0.037765,0.0241164,0.0210362,0.000123468,0.00388868,0.00206284,0.00692807,0.00648397,0.148201,0.702329,0.465679,0.0255152,0.00854906,0.00593192,0.000130916,0.014713,0.0204535,0.0426773,0.022618,0.222134,1.84197,1.85832,0.196954,0.0316924,0.0692934,0.0417099,0.00100728,8.99089e-05,0.00202626,0.00424045,0.00755474,0.373413,0.653243,0.147242,0.00265977,0.00350755,0.000690364,0
46.068390023,0.0159999,0.00935354,0.00961265,0.0136307,0.029969,0.0183512,0.16021,0.656565,0.369609,0.0199766,0.0130913,0.0194756,0.00790761,0.0189065,0.0239488,0.0426271,0.0247784,0.0863121,1.41404,1.75787,0.275248,0.0233136,0.0491592,0.0294298,0.0138031,0.00497612,0.0030413,0.00685063,0.011462,0.330876,0.637192,0.171794,0.00481082,0.00719003,0.00116405,0.00289196,0.00379336,0.0136449,0.0117626,0.00822658,0.843249,2.71266,1.15065,0.0414656,0.0241164,0.0210362,0.00342852,0.0118804,0.00206284,0.00692807,0.00648397,0.144536,0.631213,0.392871,0.0192363,0.00854906,0.00593192,0.000130916,0.0191121,0.0215606,0.0426773,0.022618,0.181109,1.57116,1.61084,0.193242,0.0316924,0.0692934,0.0448119,0.0133212,8.99089e-05,0.00202626,0.00424045,0.00755474,0.373413,0.653979,0.147546,0.00265977,0.00350755,0.000690364,0.00671668
47.554467120,0.0081803,0.00995709,0.0111465,0.0125444,0.0251153,0.0157426,0.126188,0.562507,0.306076,0.0192672,0.0086535,0.0130981,0.00606337,0.020631,0.0239488,0.0426271,0.0247784,0.0899448,1.38195,1.6786,0.244443,0.00853961,0.0255676,0.0204571,0.0171723,0.00508659,0.0030413,0.00685063,0.0119945,0.307431,0.587598,0.141898,0.00481082,0.00719003,0.00116405,0.00289196,0.00379336,0.0136449,0.0117626,0.00822658,0.748918,2.50026,1.04375,0.0414656,0.0241164,0.0210362,0.00610047,0.0147285,0.00206284,0.00692807,0.00648397,0.0999142,0.516422,0.326737,0.0153645,0.00854906,0.00593192,0.000130916,0.0191121,0.0215606,0.0426773,0.022618,0.182902,1.50655,1.54475,0.176828,0.0316924,0.0692934,0.0448119,0.0165958,0.00113663,0.00202626,0.00424045,0.00755474,0.239094,0.453927,0.0907701,0.00265977,0.00350755,0.000690364,0.00671668
49.040544218,0.0081803,0.00995709,0.0111465,0.00623475,0.00914209,0.00496667,0.124178,0.586288,0.317021,0.0197265,0.0086535,0.0130981,0.00606337,0.020631,0.0189838,0.0223605,0.00870657,0.0866802,1.35256,1.69442,0.242013,0.00833948,0.0254579,0.0204571,0.0171723,0.00457331,0.000950318,0.00481147,0.0119945,0.320203,0.616471,0.145854,0.00481082,0.00719003,0.00116405,0.00289196,0.00379336,0.00778594,0.00406984,0.00647463,0.746898,2.56414,1.03247,0.0349747,0.00946572,0.0134004,0.00610047,0.0147285,0.000663156,0.00214824,0.00358945,0.102553,0.557488,0.342856,0.0153645,0.00854906,0.00593192,0.000130916,0.0191121,0.0206888,0.0324806,0.0130592,0.16357,1.48193,1.55427,0.174896,0.0126534,0.040097,0.0334268,0.0155885,0.00104672,0.00161576,0.0039908,0.00795597,0.258196,0.497527,0.0926611,0.00265977,0.00350755,0.000690364,0.00671668
50.526621315,0.00794501,0.00995709,0.0111465,0.00623475,0.00914209,0.00496667,0.122323,0.593961,0.31886,0.0198203,0.0072859,0.0122521,0.00579057,0.020631,0.0189838,0.0222941,0.00856584,0.0861829,1.34684,1.66554,0.230213,0.0065286,0.0219939,0.019679,0.0171723,0.00457331,0.000943193,0.00477873,0.0116504,0.300394,0.581276,0.143215,0.00339337,0.00325137,0.00106959,0.00289196,0.00379336,0.00778594,0.00400985,0.00643666,0.718328,2.52359,1.05864,0.0349747,0.00946572,0.0134004,0.00610047,0.0147285,0.000663156,0.00208273,0.00348116,0.0964003,0.526734,0.32059,0.0153645,0.00685475,0.00561323,0,0.0191017,0.0206861,0.0324293,0.0128972,0.161407,1.48534,1.56732,0.172574,0.0125554,0.0400878,0.0334268,0.0155885,0.00104672,0.00234592,0.00419815,0.00795597,0.230704,0.443391,0.0782915,0.00241084,0.00213619,0.000269824,0.00671668
52.012698413,0.00794501,0.00995709,0.0168451,0.00884396,0.00914209,0.00496667,0.116252,0.526557,0.274324,0.0179236,0.0072859,0.0122521,0.00579057,0.020631,0.0189838,0.0222941,0.00856584,0.0816766,1.36722,1.65454,0.222988,0.0065286,0.0219939,0.019679,0.0230279,0.0137612,0.000943193,0.00477873,0.0116504,0.305707,0.539602,0.120323,0.00339337,0.00325137,0.00106959,0.00361032,0.00379336,0.00778594,0.00400985,0.00643666,0.754544,2.52424,1.04495,0.0349747,0.00946572,0.0134004,0.00610047,0.0147285,0.000663156,0.00208273,0.00348116,0.0910535,0.510503,0.307356,0.0135417,0.00685475,0.00561323,0,0.0191017,0.0206861,0.0324293,0.0128972,0.166737,1.49,1.53644,0.154871,0.0125554,0.0400878,0.0334268,0.0155885,0.00104672,0.00234592,0.00419815,0.00756069,0.221954,0.432098,0.072148,0.00241084,0.00213619,0.000269824,0.00671668
53.498775510,0.00794501,0.00995709,0.0175169,0.00884396,0.00914209,0.00496667,0.108552,0.541898,0.302538,0.020736,0.0072859,0.0122521,0.0115148,0.0343592,0.0189838,0.0222941,0.00856584,0.0825793,1.20611,1.50921,0.181782,0.0065286,0.0219939,0.019679,0.0234003,0.0137612,0.000943193,0.00477873,0.0116504,0.326608,0.58863,0.13339,0.00339337,0.00325137,0.00106959,0.00764066,0.0122867,0.00778594,0.00400985,0.00643666,0.764474,2.41042,0.936033,0.00909273,0.00946572,0.0134004,0.00610047,0.0196399,0.00162709,0.00208273,0.00348116,0.0910535,0.56084,0.338773,0.0140936,0.00685475,0.00561323,0.0123933,0.030896,0.0241685,0.0324293,0.0128972,0.137575,1.37893,1.43429,0.129021,0.0125554,0.0400878,0.0334268,0.023477,0.0154747,0.00234592,0.00419815,0.00756069,0.255761,0.489761,0.0854779,0.00241084,0.00213619,0.000269824,0.0122638
54.984852608,0.00794501,0.00995709,0.0205332,0.0135536,0.00914209,0.00496667,0.101838,0.458775,0.262317,0.0158895,0.0072859,0.0122521,0.0115148,0.0343592,0.0189838,0.0222941,0.00856584,0.0653486,1.07357,1.33492,0.179128,0.0065286,0.0219939,0.019679,0.0240908,0.0152593,0.000943193,0.00477873,0.00280899,0.265226,0.484375,0.122943,0.00339337,0.00325137,0.00106959,0.00764066,0.0124236,0.00778594,0.00400985,0.00623536,0.682431,2.19164,0.970021,0.00909273,0.00946572,0.0134004,0.00610047,0.0246314,0.00370632,0.00208273,0.00348116,0.0727163,0.426327,0.282217,0.013016,0.00685475,0.00561323,0.0123933,0.030896,0.0241685,0.0324293,0.0128972,0.114649,1.23411,1.30217,0.123875,0.0125554,0.0400878,0.0334268,0.023477,0.0154747,0.00234592,0.00419815,0.00311058,0.212947,0.408825,0.082376,0.00241084,0.00213619,0.000269824,0.0122638
56.470929705,0.00794501,0.00995709,0.0205332,0.0135536,0.00932924,0.00496667,0.107737,0.465418,0.250665,0.0133192,0.00915568,0.0132442,0.0122197,0.0349463,0.0189838,0.0222941,0.00856584,0.0659228,0.982755,1.16929,0.14434,0.00683155,0.022701,0.019679,0.0240908,0.0152593,0.000943193,0.00477873,0.00280899,0.251735,0.448082,0.116234,0.00343985,0.00388294,0.00358553,0.011376,0.0124236,0.00778594,0.00400985,0.00623536,0.68266,1.97318,0.901896,0.00548127,0.00946572,0.0139664,0.00746952,0.0246314,0.00370632,0.00208273,0.00348116,0.0815657,0.448489,0.280846,0.0135691,0.00685475,0.00561323,0.0134855,0.0312179,0.0241685,0.0324293,0.0128972,0.113462,1.04867,1.13393,0.111766,0.0125554,0.0400878,0.0346361,0.0243031,0.0172183,0.0025564,0.00419815,0.00313765,0.206497,0.388408,0.0826215,0.00241084,0.00213619,0.00194827,0.0154239
57.957006803,0.00794501,0.00995709,0.0205332,0.0135536,0.0100334,0.0051294,0.0894924,0.397888,0.235625,0.0146254,0.00915568,0.0132442,0.0122197,0.0349463,0.0189838,0.0222941,0.00856584,0.0379499,0.808108,1.02262,0.150296,0.00683155,0.022701,0.019679,0.0240908,0.0152593,0.00130337,0.00686077,0.00280899,0.220608,0.422033,0.117075,0.00343985,0.00388294,0.00358553,0.011376,0.0124236,0.00778594,0.0041536,0.00112414,0.589411,1.78522,0.811992,0.00548127,0.0102488,0.0142899,0.00746952,0.0246314,0.00370632,0.00231551,0.00398666,0.0815657,0.451439,0.284521,0.0145839,0.00896798,0.00703518,0.0134855,0.0312179,0.0241685,0.0324293,0.0128972,0.0707339,0.888583,0.936347,0.101509,0.0125554,0.0400878,0.0346361,0.0243031,0.0172183,0.00350813,0.00595594,0.00313765,0.217027,0.408391,0.0890792,0.00273578,0.00252596,0.00194827,0.0154239
59.443083900,0,0.00829582,0.0205332,0.0135536,0.0100334,0.0051294,0.0856048,0.347227,0.186967,0.0146254,0.00915568,0.0132442,0.0122197,0.0349463,0.0189838,0.0222941,0.00856584,0.0421683,0.742709,0.912295,0.121401,0.00683155,0.022701,0.019679,0.0240908,0.0152593,0.00130337,0.00686077,0.00277661,0.205277,0.385793,0.10427,0.00343985,0.00388294,0.00358553,0.011376,0.0124236,0.00778594,0.0041536,0.00112414,0.592493,1.79367,0.798706,0.00522331,0.0102488,0.0142899,0.00746952,0.0246314,0.00370632,0.00231551,0.00398666,0.0712597,0.341884,0.208944,0.0102079,0.00896798,0.00703518,0.0134855,0.0312179,0.0241685,0.0324293,0.0128972,0.0694823,0.823034,0.856272,0.0885197,0.0125554,0.0400878,0.0346361,0.0243031,0.0172183,0.00350813,0.00595594,0.0027212,0.192656,0.353014,0.0834696,0.00273578,0.00252596,0.00194827,0.0154239
60.929160998,0,0.00829582,0.0205332,0.0135536,0.0100334,0.0051294,0.0909685,0.370863,0.204848,0.0158053,0.0060852,0.00437667,0.00659102,0.0361683,0.0193819,0.0222941,0.00856584,0.0391439,0.724721,0.923221,0.127537,0.00138006,0.00197523,0,0.0244412,0.0153555,0.00130337,0.00686077,0.00301983,0.193023,0.376837,0.0891436,0.00343985,0.00388294,0.00358553,0.0114775,0.0126047,0.00778594,0.0041536,0.00112414,0.536229,1.68892,0.764505,0.00459101,0.00295717,0.0023568,0.00734605,0.0249964,0.00377643,0.00231551,0.00398666,0.0838155,0.38424,0.223989,0.0104865,0.00896798,0.00703518,0.0134855,0.0312179,0.0241685,0.0324293,0.0128972,0.069386,0.792397,0.826664,0.0869779,0,0.0154592,0.0346361,0.0243031,0.0172183,0.00350813,0.00595594,0.00306099,0.197609,0.38209,0.0871829,0.00273578,0.00252596,0.00194827,0.0154239
62.415238095,0,0.00893991,0.0212471,0.00759369,0.00331531,0.000847919,0.0652159,0.326396,0.187549,0.0159284,0.0060852,0.00437667,0.00659102,0.0361683,0.0066011,0.000522045,9.14744e-05,0.0381679,0.743378,0.978621,0.156659,0.00138006,0.00197523,0,0.0252013,0.0155433,0.00130337,0.00686077,0.00191331,0.173824,0.35449,0.0826602,0.000315962,0.00388294,0.00358553,0.0114775,0.0113579,0.000193116,0.000611421,0.000531917,0.517444,1.68335,0.689256,0.0074146,0.00295717,0.0023568,0.00759691,0.0256877,0.00377643,0.00231551,0.00192754,0.0818969,0.38424,0.224246,0.0105218,0.00896798,0.00703518,0.0134855,0.032438,0.010704,0,0,0.0704578,0.810567,0.883805,0.105374,0,0,0.00462008,0.0253357,0.0172183,0.00350813,0.0058315,0.00236964,0.197609,0.38209,0.0846405,0.00133651,0.00252596,0.00194827,0.0157576
63.901315193,0,0.00893991,0.0212471,0.00759369,0.00331531,0.000847919,0.0661352,0.331983,0.173576,0.0106563,0.00255455,0.00162663,0.00659102,0.0361683,0.0066011,0.000522045,9.14744e-05,0.0416365,0.78028,0.965346,0.145025,0.000483453,0.000707043,0,0.0252013,0.0155433,0.00130337,0.00686077,0.00250935,0.170895,0.337395,0.0664558,0.000108741,0.00153946,0.00358553,0.0114775,0.0113579,0.000193116,0.000611421,0.000531917,0.506862,1.65339,0.653464,0.00723383,0.000783063,0.000889519,0.00759691,0.0256877,0.00377643,0.00231551,0.00192754,0.0604445,0.32929,0.186097,0.00629923,0.00896798,0.00703518,0.0134855,0.032438,0.010704,0,0,0.0729752,0.820161,0.870457,0.105245,0,0,0.00462008,0.0253357,0.0172183,0.00350813,0.0058315,0.00236964,0.144506,0.290099,0.0538062,0.00133651,0.00252596,0.00194827,0.0157576
65.387392290,0,0.00893991,0.0212471,0.00759369,0.00422082,0.000211082,0.0663009,0.355543,0.184747,0.0107508,0.0021606,0.00162663,0.00659102,0.0361683,0.0066011,0.00151668,0.000266973,0.0404217,0.771161,0.977587,0.128726,0.000483453,0.000707043,0,0.0252013,0.0155433,0.00172625,0.00280785,0.00211759,0.181147,0.364383,0.0704537,4.64864e-05,0.00153946,0.00358553,0.0114775,0.0113579,0.000518738,0.00107492,0.000516315,0.476733,1.63146,0.596337,0.00774691,0.000783063,0.000889519,0.00759691,0.0256877,0.00377643,0.00435343,0.000817123,0.0624047,0.361903,0.200657,0.00545854,0.00214688,0.00205606,0.0134855,0.032438,0.010704,0,0,0.0698682,0.82316,0.875584,0.0895122,0,0,0.00462008,0.0253357,0.0172183,0.00189237,0.00200172,0.0023844,0.160724,0.327611,0.0557252,0.000379563,0.00173892,0.00194827,0.0157576
66.873469388,0.000299686,0.00893991,0.0212471,0.00759369,0.00422082,0.000162737,0.0613767,0.331527,0.186071,0.0107508,0.00265934,0.00278821,0.00659102,0.0361683,0.0066011,0.00151668,0.000224449,0.0337024,0.767476,1.00115,0.136505,0.000483453,0.000707043,0,0.0252013,0.0155433,0.00172625,0.00268727,0.0013717,0.170707,0.335508,0.0682651,4.64864e-05,0.00379582,0.00625099,0.0114775,0.0113579,0.000518738,0.00107492,0.000516315,0.460979,1.63681,0.652331,0.00774691,0.000783063,0.000889519,0.00759691,0.0256877,0.00377643,0.00435343,0.000711915,0.0616115,0.356922,0.194253,0.00545854,0.00223824,0.00343118,0.0134855,0.032438,0.010704,0,0,0.0664487,0.821476,0.887569,0.0903631,0,0,0.00462008,0.0253357,0.0172183,0.00345706,0.00241585,0.00204926,0.159915,0.325154,0.0556337,0.000324947,0.00501289,0.00242181,0.0157576
68.359546485,0.000299686,0.00893991,0.0242087,0.00922921,0.00422082,0.000162737,0.0706883,0.350191,0.18111,0.00819505,0.00265934,0.00278821,0.00659102,0.018378,0.000484353,0.00151668,0.000224449,0.0357739,0.801235,0.968588,0.117563,0.000483453,0.000707043,0,0.0208232,0.0140931,0.00172625,0.00268727,0.0013717,0.205281,0.351896,0.0690314,4.64864e-05,0.00379582,0.00625099,0.0100108,0.00972729,0.000518738,0.00107492,0.000516315,0.458889,1.54466,0.621369,0.00774691,0.000783063,0.000889519,0.00759691,0.021799,0.00311327,0.00435343,0.000711915,0.0492906,0.324885,0.184615,0.00504226,0.00223824,0.00343118,0.0134855,0.0177354,0.00507637,0,0,0.0710335,0.852782,0.899864,0.084877,0,0,0.00462008,0.0253357,0.0172183,0.00345706,0.00241585,0.00167163,0.142945,0.275719,0.0452613,0.000324947,0.00501289,0.00242181,0.0157576
69.845623583,0.000299686,0.00124763,0.0160094,0.00922921,0.00422082,0.000162737,0.0729196,0.373862,0.201943,0.0104798,0.00265934,0.00278821,0.00659102,0.018378,0.000484353,0.00151668,0.000224449,0.035946,0.763581,0.958094,0.116809,0.000483453,0.000707043,0,0.0158867,0.0191511,0.00172625,0.00268727,0.00139839,0.224583,0.392602,0.0784206,4.64864e-05,0.00379582,0.00625099,0.0092816,0.0148119,0.000518738,0.00107492,0.000516315,0.484827,1.59915,0.640927,0.00405311,0.000783063,0.000889519,0.00429186,0.0183607,0.00389598,0.00435343,0.000711915,0.0599952,0.389474,0.219637,0.00477561,0.00223824,0.00343118,0.0134855,0.0166198,0.00689162,0,0,0.0690382,0.849185,0.900284,0.0733758,0,0,0.00151807,0.0183549,0.0291865,0.00345706,0.00241585,0.00193633,0.185734,0.347478,0.0566444,0.000324947,0.00501289,0.00242181,0.0090409
71.331700680,0.000299686,0.00064885,0.0182664,0.0128663,0.00422737,0.000162737,0.0712734,0.366075,0.198518,0.0104968,0.00265934,0.00278821,0.0111752,0.0279623,0.000484353,0.00151668,0.000224449,0.0380098,0.752321,0.967604,0.11724,0.000483453,0.000707043,0,0.0147336,0.0234569,0.00260841,0.00268727,0.000865953,0.207755,0.362486,0.0753644,4.64864e-05,0.00379582,0.00625099,0.0127391,0.0163612,0.000518738,0.00107492,0.00108759,0.488192,1.62209,0.689185,0.00411212,0.000783063,0.000889519,0.00203181,0.0165588,0.00418115,0.00435343,0.000711915,0.0578781,0.372646,0.206239,0.00477561,0.00223824,0.00343118,0.0239488,0.0230728,0.00689162,0,0,0.0638672,0.836092,0.900194,0.0806623,0,0,0.00151807,0.0150803,0.0281398,0.00345706,0.00241585,0.00193633,0.184875,0.347203,0.0566444,0.000324947,0.00501289,0.00249783,0.0139858
72.817777778,0.000299686,0.00064885,0.0182664,0.0128324,0.00319598,0.000162737,0.0778706,0.347586,0.187502,0.0100375,0.00265934,0.00343935,0.0146042,0.0309243,0.000484353,0.00099463,0.000175499,0.0379693,0.74406,0.929966,0.119457,0.000483453,0.000783735,0.00033953,0.0150322,0.0234569,0.00214921,0.00250677,0.000865953,0.20949,0.348581,0.0747338,4.64864e-05,0.00379582,0.00855467,0.0158021,0.0163612,0.000325621,0.000783861,0.00102669,0.531401,1.59702,0.70644,0.00360898,0.000783063,0.00134718,0.00306445,0.0201917,0.00556396,0.00298694,0.000658291,0.0592473,0.343635,0.195962,0.00523652,0.00223824,0.00377534,0.0256387,0.0250359,0.00689162,0,0,0.0669158,0.828598,0.86502,0.081534,0,0,0.00217782,0.0183863,0.0315872,0.00405841,0.00241585,0.00169431,0.174294,0.31476,0.0582911,0.000324947,0.0050739,0.00427315,0.0172831
74.303854875,0.000299686,0.00064885,0.0190385,0.0197469,0.00796477,0.000162737,0.0850298,0.36149,0.217241,0.0157137,0.00236852,0.00280483,0.0146042,0.0309243,0.000484353,0.00099463,0.000175499,0.0358829,0.739546,0.964901,0.159436,0.000483453,0.000783735,0.00033953,0.0150774,0.0239445,0.00310311,0.00250677,0.000865953,0.216706,0.365764,0.0835891,4.64864e-05,0.00288792,0.00748508,0.0158021,0.0163612,0.000325621,0.000783861,0.00102669,0.576597,1.66121,0.729724,0.00360898,0.000783063,0.00134718,0.00306445,0.0201917,0.00556396,0.00298694,0.000658291,0.0640121,0.359351,0.20833,0.00550931,0.0022046,0.00314123,0.0256387,0.0250359,0.00689162,0,0,0.0705336,0.791109,0.819103,0.0806659,0,0,0.00217782,0.0183863,0.0315872,0.00332826,0.00220851,0.00169431,0.178494,0.323772,0.0628416,0.000324947,0.00372475,0.00400333,0.0172831
75.789931973,0.00237506,0.000892968,0.0133398,0.0171377,0.00796477,0.000162737,0.0978357,0.414304,0.246004,0.0157137,0.00236852,0.00489336,0.0159571,0.0310581,0.000484353,0.00099463,0.000175499,0.0496371,0.827008,1.02453,0.170014,0.000483453,0.00340477,0.00501712,0.00975263,0.0147567,0.00310311,0.00250677,0.000865953,0.198138,0.361916,0.0841007,4.64864e-05,0.00460453,0.0124867,0.0156674,0.0163612,0.000325621,0.000783861,0.00102669,0.587273,1.71218,0.748342,0.00360898,0.000783063,0.00134718,0.00306445,0.0215177,0.0172772,0.00983544,0.000658291,0.0509367,0.318142,0.184443,0.00473427,0.0022046,0.00853742,0.0283149,0.0252818,0.00689162,0,0,0.0694388,0.920453,0.998564,0.147367,0,0,0.00217782,0.0193018,0.0398925,0.00984702,0.00220851,0.00140416,0.160926,0.296783,0.0601117,0.000324947,0.00494537,0.00934457,0.0179154
77.276009070,0.00237506,0.000892968,0.0126681,0.0171377,0.00796477,0.000162737,0.129683,0.471838,0.259401,0.0129013,0.00236852,0.00489336,0.0102329,0.0173299,0.000484353,0.00099463,0.000175499,0.0606151,0.857892,1.06226,0.171004,0.000483453,0.00340477,0.00501712,0.00938023,0.0147567,0.00310311,0.00250677,0.002432,0.213276,0.383342,0.0951439,4.64864e-05,0.00460453,0.0124867,0.011637,0.00786789,0.000325621,0.000783861,0.00102669,0.57729,1.67345,0.720472,0.00345622,0.000783063,0.00134718,0.00306445,0.0166063,0.0163132,0.00983544,0.000658291,0.0864254,0.381343,0.221444,0.00418239,0.0022046,0.00853742,0.0159215,0.0134875,0.00340923,0,0,0.0753811,0.881882,0.96291,0.144286,0,0,0.00217782,0.0114133,0.0254645,0.00984702,0.00220851,0.00140416,0.155266,0.285494,0.0602519,0.000324947,0.00494537,0.00934457,0.0123683
78.762086168,0.00237506,0.000892968,0.00965176,0.0124281,0.0115028,0.00916994,0.121414,0.450606,0.274933,0.0201379,0.00236852,0.00489336,0.0102329,0.0173299,0.000484353,0.00099463,0.000175499,0.0628782,0.934675,1.22025,0.224766,0.000483453,0.00340477,0.00501712,0.00868973,0.0132585,0.00566621,0.00954844,0.00595749,0.207655,0.399753,0.096876,4.64864e-05,0.00460453,0.0124867,0.011637,0.00773098,0.000325621,0.000783861,0.000571275,0.643677,1.87147,0.78373,0.00345622,0.000783063,0.00134718,0.00306445,0.0116148,0.014234,0.00983544,0.000658291,0.0863351,0.390719,0.239852,0.00940388,0.0022046,0.00853742,0.0159215,0.0134875,0.00340923,0,0,0.123157,1.06133,1.12238,0.173743,0,0,0.00217782,0.0114133,0.0254645,0.00984702,0.00220851,0.00221886,0.169609,0.311973,0.0657488,0.000324947,0.00494537,0.00934457,0.0123683
80.248163265,0.00239928,0.000892968,0.00965176,0.0124281,0.0113157,0.00916994,0.114998,0.442162,0.265995,0.020383,0.00118076,0.00579706,0.0373126,0.0300169,0.000484353,0.00099463,0.000175499,0.0622853,1.09799,1.33703,0.246616,0.00035431,0.00286718,0.00501712,0.00868973,0.0133582,0.00736895,0.01034,0.00595749,0.201855,0.389838,0.093758,0.006786,0.00729092,0.0106541,0.0186392,0.00773098,0.000325621,0.000783861,0.000571275,0.670252,1.9977,0.811004,0.00340245,0.000783063,0.000781111,0.0016954,0.0116148,0.014234,0.0149756,0.0133807,0.0770372,0.345748,0.21309,0.0120838,0.00656745,0.00988451,0.0148294,0.0131656,0.00340923,0,0,0.121069,1.17843,1.32594,0.237885,0,0,0.00096847,0.0105872,0.023721,0.0130327,0.0109732,0.00540856,0.151134,0.288351,0.0610657,0.00317361,0.00630777,0.00766613,0.00920817
81.734240363,0.00239928,0.0017994,0.0434408,0.0183335,0.0108447,0.00900721,0.115191,0.444612,0.260237,0.0187898,0.00118076,0.00579706,0.0373126,0.0300169,0.000484353,0.00099463,0.000175499,0.0647844,1.15926,1.42872,0.240363,0.00035431,0.00286718,0.00501712,0.0162255,0.0321875,0.00811469,0.00825793,0.00595749,0.199117,0.380983,0.0885833,0.006786,0.00729092,0.0106541,0.0186392,0.00773098,0.000325621,0.000640116,0.000650417,0.661732,2.02248,0.791633,0.00340245,0,0.000457658,0.00339911,0.0272617,0.0151695,0.0147428,0.0128752,0.0774896,0.356274,0.212732,0.0110709,0.00445422,0.00908837,0.025935,0.0270023,0.00370651,1.0918e-05,0,0.118775,1.21355,1.36719,0.233994,0,0,0.00096847,0.0114656,0.0257973,0.0122027,0.00921544,0.00540856,0.141497,0.274371,0.0546473,0.00284866,0.0059346,0.00941365,0.0336462
83.220317460,0.00239928,0.0017994,0.0434408,0.0183335,0.0108447,0.00900721,0.111046,0.424489,0.264524,0.0194833,0.00118076,0.00579706,0.0373126,0.0300169,0.000484353,0.00099463,0.000175499,0.0694045,1.30255,1.71975,0.289422,0.000960711,0.00286718,0.00501712,0.0162255,0.0321875,0.00811469,0.00825793,0.00598448,0.194925,0.37175,0.0871239,0.006786,0.00729092,0.0106541,0.0186392,0.00773098,0.000325621,0.000640116,0.000650417,0.662845,2.2581,0.978226,0.0111552,0,0.000457658,0.00339911,0.0272617,0.0151695,0.0147428,0.0128752,0.077714,0.355832,0.217003,0.0110709,0.00445422,0.00908837,0.025935,0.0270023,0.00370651,1.0918e-05,0,0.12165,1.33828,1.60027,0.254108,0.000308403,0,0.00096847,0.0114656,0.0257973,0.0122027,0.00921544,0.0054593,0.141334,0.276185,0.0546473,0.00284866,0.0059346,0.00941365,0.0336462
84.706394558,0.00239928,0.0017994,0.0434408,0.0183335,0.0108447,0.00919084,0.163004,0.59285,0.301835,0.0178523,0.00118076,0.00579706,0.0373126,0.0287949,8.62332e-05,0.00099463,0.000175499,0.0936567,1.5803,1.92522,0.32618,0.000960711,0.00286718,0.00501712,0.015875,0.0320913,0.00811469,0.00825793,0.00810335,0.328266,0.499647,0.107938,0.006786,0.00729092,0.0106541,0.0185377,0.00754985,0.000325621,0.000640116,0.00561792,0.831354,2.49226,1.04352,0.0111552,0,0.000457658,0.00339911,0.0268967,0.0150994,0.0147428,0.0128752,0.066904,0.388074,0.251165,0.0133193,0.00445422,0.00908837,0.025935,0.0270023,0.00370651,1.0918e-05,0,0.189702,1.67521,1.89672,0.29662,0.000308403,0,0.00096847,0.0114656,0.0257973,0.0122027,0.00921544,0.00511951,0.121907,0.22567,0.0435606,0.00284866,0.0059346,0.00941365,0.0336462
86.192471655,0.00239928,0.00115531,0.0427269,0.0183335,0.0108447,0.00919084,0.166871,0.681725,0.37911,0.033433,0.00118076,0.00579706,0.0373126,0.0287949,8.62332e-05,0.00099463,0.000175499,0.0969222,1.64696,1.95514,0.30984,0.000960711,0.00286718,0.00501712,0.0151149,0.0319035,0.00811469,0.00825793,0.00846642,0.360648,0.613935,0.130186,0.0069354,0.00729092,0.0106541,0.0185377,0.00754475,0.000325621,0.000640116,0.00561792,0.923564,2.59548,1.06982,0.00951432,0,0.000457658,0.00314826,0.0262055,0.0150994,0.0147428,0.0128752,0.0986226,0.605358,0.380639,0.0174316,0.00445422,0.00908837,0.025935,0.0257822,0.00321962,1.0918e-05,0,0.199526,1.82123,1.95447,0.289232,0.000308403,0,0.000659754,0.010433,0.0257973,0.0122027,0.00921544,0.00718924,0.254174,0.457334,0.0809594,0.00284866,0.0059346,0.00941365,0.0333126
87.678548753,0.00239928,0.00115531,0.0427269,0.0183335,0.0108447,0.00919084,0.162366,0.658017,0.369941,0.033433,0.00118076,0.00579706,0.0373126,0.0287949,8.62332e-05,0.00099463,0.000175499,0.106426,1.68566,2.18381,0.367665,0.000960711,0.00286718,0.00501712,0.0151149,0.0319035,0.00811469,0.00825793,0.00787038,0.346399,0.588661,0.126406,0.0069354,0.00729092,0.0106541,0.0185377,0.00754475,0.000325621,0.000640116,0.00561792,0.917328,2.75545,1.2171,0.0117007,0,0.000457658,0.00314826,0.0262055,0.0150994,0.0147428,0.0128752,0.0962543,0.59066,0.369344,0.0174316,0.00445422,0.00908837,0.025935,0.0257822,0.00321962,1.0918e-05,0,0.198378,1.82545,2.08741,0.321339,0.000308403,0,0.000659754,0.010433,0.0257973,0.0122027,0.00921544,0.00718924,0.253991,0.457121,0.0808985,0.00284866,0.0059346,0.00941365,0.0333126
89.164625850,0.00239928,0.00115531,0.0427269,0.0183335,0.0085466,0.00919084,0.205497,0.746151,0.408084,0.0328436,0.00118076,0.00579706,0.0373126,0.0287949,8.62332e-05,0,0,0.139299,1.88641,2.32777,0.381082,0.000960711,0.00286718,0.00501712,0.0151149,0.0319035,0.00720782,0.00783321,0.00787038,0.448874,0.701174,0.159092,0.0069354,0.00729092,0.0106541,0.0185377,0.00754475,0,0,0.0142111,1.08848,2.98846,1.29428,0.0111876,0,0.000457658,0.00314826,0.0262055,0.0150994,0.0119886,0.0127224,0.0941882,0.630788,0.418044,0.0283549,0.00445422,0.00908837,0.025935,0.0257822,0.00321962,1.0918e-05,0,0.253223,2.12806,2.34794,0.348935,0.000308403,0,0.000659754,0.010433,0.0257973,0.0122027,0.00921544,0.00684877,0.237773,0.419609,0.078901,0.00284866,0.0059346,0.00941365,0.0333126
90.650702948,0.0020996,0.00115531,0.0427269,0.0232763,0.0134406,0.00988214,0.236407,0.838972,0.473594,0.0343707,0.00781337,0.00790333,0.0373126,0.0287949,8.62332e-05,0,0,0.137636,1.93118,2.40533,0.418267,0.0223787,0.0185969,0.00501712,0.0151149,0.0319035,0.00720782,0.00783321,0.00787038,0.484773,0.784316,0.203105,0.0069354,0.00503456,0.00798867,0.0185377,0.00754475,0,0,0.0142111,1.19557,3.16797,1.36106,0.0111876,0,0.000457658,0.00314826,0.0262055,0.0150994,0.0119886,0.0127224,0.134558,0.753741,0.504776,0.0334445,0.00436285,0.00771326,0.025935,0.0257822,0.00321962,1.0918e-05,0,0.258223,2.2106,2.43827,0.371923,0.000308403,0,0.000659754,0.010433,0.0257973,0.0106381,0.00876472,0.00684877,0.367496,0.605931,0.127527,0.00284866,0.00266063,0.00894011,0.0333126
92.136780045,0.0020996,0.00115531,0.0383519,0.0213997,0.0222919,0.0249897,0.225156,0.794549,0.457315,0.03425,0.00781337,0.00790333,0.0373126,0.0276787,0,0.00908941,0.0241275,0.143879,1.91796,2.39733,0.415789,0.0242655,0.0199122,0.00501712,0.0151149,0.0350815,0.010872,0.00836602,0.00787038,0.442081,0.739832,0.196766,0.0069354,0.00503456,0.00798867,0.0185377,0.00754475,3.11106e-05,0.00823663,0.0167458,1.16149,3.14644,1.37332,0.0253426,0.012156,0.000457658,0.00314826,0.0262055,0.0217663,0.0177738,0.0135156,0.133717,0.732924,0.493178,0.0328183,0.00436285,0.00771326,0.025935,0.0257822,0.00321962,0.00320609,0.0137825,0.280522,2.21445,2.42382,0.373115,0.0287552,0.0180517,0.00261445,0.0110425,0.0261935,0.0108084,0.00878362,0.00684877,0.363042,0.600857,0.126361,0.00284866,0.00266063,0.00894011,0.0333126
93.622857143,0.00318339,0.00115531,0.0383519,0.0213997,0.0222919,0.0249897,0.224319,0.762916,0.431883,0.0319652,0.00818356,0.0102327,0.0382644,0.0276787,0,0.00977858,0.0254585,0.145407,1.93943,2.43367,0.427538,0.0246479,0.0227489,0.00852116,0.0106265,0.0270109,0.0109874,0.00866453,0.00812838,0.440386,0.730548,0.192899,0.00732808,0.00831982,0.0137652,0.0178416,0.00154929,3.11106e-05,0.00883347,0.017008,1.15128,3.11167,1.34562,0.0253505,0.012156,0.000457658,0.00314826,0.0216521,0.0209836,0.0183903,0.0144809,0.129182,0.693735,0.476132,0.0328484,0.0047264,0.00985414,0.0262807,0.0225226,0.000437161,0.00383927,0.0153739,0.279227,2.20238,2.39921,0.375788,0.0297027,0.0182785,0.00261445,0.00570936,0.0142253,0.0108084,0.00878362,0.00658407,0.345089,0.577119,0.13013,0.00298672,0.00404477,0.0123118,0.0333126
95.108934240,0.00318339,0.00115055,0.0345611,0.0177627,0.0222854,0.0249897,0.25176,0.8476,0.481369,0.0351753,0.00818356,0.0102327,0.0335183,0.0163699,0,0.00977858,0.0254585,0.147552,2.03622,2.54732,0.467144,0.0246479,0.0227489,0.00852116,0.00841034,0.0225946,0.0101052,0.00866453,0.00812838,0.47209,0.800921,0.219782,0.00732808,0.00831982,0.0137652,0.0143841,0,3.11106e-05,0.00883347,0.0164367,1.19172,3.21621,1.37622,0.0252915,0.012156,0.000457658,0.00273635,0.0206059,0.0206984,0.0183903,0.0144809,0.145835,0.743107,0.508669,0.0367431,0.0047264,0.00985414,0.0158175,0.0160696,0.000437161,0.00383927,0.0153739,0.322349,2.32588,2.48852,0.390599,0.0297027,0.0182785,0.00261445,0.00570936,0.0142253,0.0108084,0.00878362,0.00733337,0.36819,0.608733,0.137928,0.00298672,0.00404477,0.0122358,0.0283676
96.595011338,0.00318339,0.00115055,0.0345611,0.0177627,0.0222854,0.0249897,0.255415,0.862596,0.487402,0.0351753,0.00818356,0.00958155,0.0300893,0.0134079,0,0.00977858,0.0254585,0.149769,2.1599,2.6527,0.494605,0.0246479,0.0226722,0.00818163,0.00811176,0.0225946,0.0101052,0.00866453,0.00812838,0.457582,0.785953,0.216457,0.00732808,0.00831982,0.0114615,0.0113211,0,3.11106e-05,0.00883347,0.0164367,1.16815,3.33124,1.48673,0.051441,0.012156,0,0.00170371,0.016973,0.0193156,0.0183903,0.0144809,0.141827,0.731052,0.502826,0.0362822,0.0047264,0.00950998,0.0141275,0.0141065,0.000437161,0.00383927,0.0153739,0.318273,2.39084,2.60108,0.429807,0.0297027,0.0182785,0.00195469,0.0024034,0.0107778,0.010207,0.00878362,0.00717415,0.359669,0.597577,0.13439,0.00298672,0.00398376,0.0104604,0.0250704
98.081088435,0.00318339,0.00115055,0.0337891,0.0108482,0.0175166,0.0249897,0.262652,0.930944,0.500585,0.0321172,0.00818356,0.00958155,0.0300893,0.0134079,0,0.00977858,0.0254585,0.170052,2.27731,2.76222,0.450318,0.0246479,0.0226722,0.00818163,0.00806648,0.0221069,0.00915133,0.00866453,0.0165214,0.523677,0.880886,0.229582,0.00732808,0.00831982,0.0114615,0.0113211,0,3.11106e-05,0.00883347,0.0199599,1.21945,3.55607,1.43796,0.051441,0.012156,0,0.00170371,0.016973,0.0193156,0.0183903,0.0144809,0.154925,0.827596,0.542817,0.0363819,0.0047264,0.00950998,0.0141275,0.0141065,0.000437161,0.00383927,0.0153739,0.339549,2.56302,2.75597,0.43521,0.0297027,0.0182785,0.00195469,0.0024034,0.0107778,0.010207,0.00878362,0.00917683,0.39282,0.655076,0.135592,0.00298672,0.00398376,0.0104604,0.0250704
99.567165533,0.00110801,0.000906428,0.0337891,0.0108482,0.0175166,0.0249897,0.23254,0.857464,0.479447,0.0321172,0.00818356,0.00749301,0.0287364,0.0132741,0,0.00977858,0.0254585,0.153671,2.22963,2.82085,0.464122,0.0246479,0.0200512,0.00350404,0.00753573,0.0221069,0.00915133,0.00866453,0.0170355,0.519795,0.887321,0.226151,0.00732808,0.00660321,0.00645988,0.0107375,0,3.11106e-05,0.00883347,0.0199599,1.16214,3.64004,1.45539,0.0535173,0.012156,0,0.00170371,0.015647,0.00760243,0.0115418,0.0144809,0.15902,0.84838,0.567964,0.0363819,0.0047264,0.00411379,0.0114513,0.0138607,0.000437161,0.00383927,0.0153739,0.335733,2.58841,2.731,0.382631,0.0297027,0.0182785,0.00195469,0.00148787,0.00247255,0.00368825,0.00878362,0.0104155,0.412006,0.690983,0.137131,0.00298672,0.00276314,0.00511919,0.024438
101.053242630,0.00110801,0.000906428,0.0337891,0.0108482,0.0175166,0.0249897,0.208538,0.815683,0.444907,0.0321172,0.00818356,0.00749301,0.0287364,0.0132741,0,0.00977858,0.0254585,0.153549,2.29797,2.86099,0.454556,0.0246479,0.0200512,0.00350404,0.00753573,0.0221069,0.00915133,0.00866453,0.0171238,0.511508,0.8561,0.202041,0.00732808,0.00660321,0.00645988,0.0107375,0,3.11106e-05,0.00883347,0.0199599,1.2047,3.77183,1.51134,0.0560311,0.012156,0,0.00170371,0.015647,0.00760243,0.0115418,0.0144809,0.123531,0.734842,0.499547,0.0363819,0.0047264,0.00411379,0.0114513,0.0138607,0.000437161,0.00383927,0.0153739,0.352943,2.68996,2.8929,0.389861,0.0297027,0.0182785,0.00195469,0.00148787,0.00247255,0.00368825,0.00878362,0.0104155,0.383859,0.644609,0.123661,0.00298672,0.00276314,0.00511919,0.024438
102.539319728,0.00110801,0.000906428,0.0337891,0.0108482,0.0139786,0.0159825,0.205161,0.879143,0.460569,0.0274573,0.00818356,0.00749301,0.0287364,0.0132741,0,0.00977858,0.0254585,0.146143,2.27158,2.76423,0.417642,0.0246479,0.0200512,0.00350404,0.00753573,0.0221069,0.00658823,0.00162287,0.0135984,0.509651,0.85782,0.199762,0.00734957,0.00660321,0.00645988,0.0107375,0,3.11106e-05,0.00883347,0.0199599,1.10418,3.50667,1.38321,0.0560791,0.012156,0,0.00170371,0.015647,0.00760243,0.0115418,0.0144809,0.127967,0.826027,0.531237,0.0319343,0.0047264,0.00411379,0.0114513,0.0138607,0.000437161,0.00383927,0.0153739,0.298376,2.52447,2.74059,0.358585,0.0297027,0.0182785,0.00195469,0.00148787,0.00247255,0.00368825,0.00878362,0.00999839,0.384018,0.660146,0.118479,0.00298672,0.00276314,0.00511919,0.024438
104.025396825,0.00108379,0.000906428,0.0337891,0.0108482,0.0139786,0.0159953,0.206228,0.874656,0.466088,0.0338516,0.00850295,0.00559721,0.000951785,0,0,0.00977858,0.0254585,0.152477,2.14896,2.73638,0.434456,0.031081,0.0198817,0.00350404,0.00753573,0.0220072,0.00488549,0.000831329,0.0150974,0.529754,0.882269,0.207003,0.000563569,0.00328525,0.00577649,0,0,3.11106e-05,0.00883347,0.0199599,1.10603,3.55351,1.51746,0.0626494,0.0126067,0,0.00170371,0.015647,0.00760243,0.0064017,0.00175848,0.124389,0.831696,0.536245,0.0287619,0.000363545,0.0027667,0.0114513,0.0138607,0.000437161,0.00383927,0.0153739,0.300075,2.45738,2.62582,0.364132,0.0409163,0.0182785,0.00195469,0.00148787,0.00247255,0.000292082,1.88958e-05,0.0065087,0.392412,0.670512,0.12066,0.000138061,0.00140073,0.00511919,0.024438
105.511473923,0.00108379,0,0,0.00494281,0.0137453,0.0192616,0.23851,0.921247,0.488642,0.0359924,0.00850295,0.00559721,0.000951785,0,0,0.00977858,0.0273886,0.163081,2.18062,2.69655,0.434254,0.031081,0.0198817,0.00350404,0,0.00317802,0.00377957,0.000831329,0.0150974,0.56272,0.927331,0.219674,0.000563569,0.00328525,0.00577649,0,0,3.11106e-05,0.00969259,0.0289492,1.13913,3.55138,1.5288,0.0632674,0.0126067,0,0,0,0.0066669,0.00660421,0.00325632,0.126523,0.836991,0.547806,0.0295938,0.000363545,0.00214088,0.000345762,2.38992e-05,0.000139884,0.00382835,0.0192887,0.337372,2.51475,2.62487,0.363562,0.0409163,0.0182785,0.00195469,0.00060951,0.000396245,0.000170302,1.88958e-05,0.00847283,0.396439,0.66842,0.121681,0.000138061,0.00138414,0.00337168,0
106.997551020,0.00108379,0,0,0.00494281,0.0137453,0.0192616,0.248852,0.951331,0.505321,0.0377743,0.00850295,0.00559721,0.000951785,0,0,0.00977858,0.0273886,0.154123,2.02473,2.42188,0.393732,0.0304746,0.0198817,0.00350404,0,0.00317802,0.00377957,0.000831329,0.0150704,0.57579,0.94492,0.230783,0.000563569,0.00328525,0.00577649,0,0,3.11106e-05,0.00969259,0.0289492,1.14518,3.28038,1.34071,0.0555239,0.0126067,0,0,0,0.0066669,0.00660421,0.00325632,0.156086,0.90818,0.58798,0.0332565,0.000363545,0.00214088,0.000345762,2.38992e-05,0.000139884,0.00382835,0.0192887,0.336363,2.42598,2.42853,0.341893,0.0406079,0.0182785,0.00195469,0.00060951,0.000396245,0.000170302,1.88958e-05,0.00845218,0.446658,0.739023,0.139366,0.000138061,0.00138414,0.00337168,0
108.483628118,0.00108379,0,0,0.00494281,0.0137453,0.0190779,0.19153,0.759019,0.449706,0.0370024,0.00850295,0.00559721,0.000951785,0,0,0.00977858,0.0273886,0.128223,1.75518,2.22395,0.369419,0.0304746,0.0198817,0.00350404,0,0.00317802,0.00377957,0.000831329,0.0127083,0.431379,0.785168,0.204799,0.000563569,0.00328525,0.00577649,0,0,3.11106e-05,0.00969259,0.0239817,0.992937,3.09675,1.32998,0.0555239,0.0126067,0,0,0,0.0066669,0.00660421,0.00325632,0.154247,0.824571,0.529468,0.0298554,0.000363545,0.00214088,0.000345762,2.38992e-05,0.000139884,0.00382835,0.0192887,0.266476,2.08875,2.1432,0.311856,0.0406079,0.0182785,0.00195469,0.00060951,0.000396245,0.000170302,1.88958e-05,0.00845218,0.446658,0.739023,0.139366,0.000138061,0.00138414,0.00337168,0
109.969705215,0.00108379,0,0,0.00494281,0.0137453,0.0190779,0.196494,0.701118,0.381326,0.0212986,0.00850295,0.00559721,0.000951785,0,0,0.00977858,0.0273886,0.133831,1.67952,2.13858,0.357442,0.0304746,0.0198817,0.00350404,0,0.00317802,0.00377957,0.000831329,0.0127151,0.412237,0.701214,0.187401,0.000414161,0.00328525,0.00577649,0,0,3.11106e-05,0.00969259,0.0239817,0.912457,2.95629,1.27026,0.0543411,0.0126067,0,0,0,0.0066669,0.00660421,0.00325632,0.123072,0.611865,0.406873,0.0256664,0.000363545,0.00214088,0.000345762,2.38992e-05,0.000139884,0.00382835,0.0192887,0.256733,1.95261,2.05735,0.301709,0.0406079,0.0182785,0.00195469,0.00060951,0.000396245,0.000170302,1.88958e-05,0.00638245,0.314392,0.507359,0.101967,0.000138061,0.00138414,0.00337168,0
111.455782313,0.00108379,0,3.64647e-06,0.00494385,0.0137453,0.0190779,0.203384,0.732976,0.410666,0.0262272,0.00850295,0.00559721,0.000951785,0.00285707,0.00119482,0.00977858,0.0273886,0.121976,1.62029,1.96981,0.335336,0.0304746,0.0198817,0.00350404,0.000816318,0.00357304,0.00377957,0.000831329,0.0127151,0.424779,0.734161,0.196731,0.000414161,0.00328525,0.00577649,0.000132395,0.000495006,3.11106e-05,0.00969259,0.0239817,0.951547,2.91753,1.17937,0.0521548,0.0126067,0,0,0.00092273,0.00692984,0.00660421,0.00325632,0.141299,0.675973,0.438134,0.0276566,0.000363545,0.00214088,0.000345762,0.00329554,0.00156555,0.00382835,0.0192887,0.256078,1.91687,1.91909,0.27962,0.0406079,0.0182785,0.00195469,0.00060951,0.000396245,0.000170302,1.88958e-05,0.00671223,0.343562,0.572816,0.119665,0.000138061,0.00138414,0.00337168,0
112.941859410,0.00108379,0.00201073,0.00177559,0.00494385,0.0137453,0.0190779,0.164506,0.640727,0.369223,0.0262272,0.00850295,0.00559721,0.00095272,0.00286132,0.00119482,0.00977858,0.0273886,0.0910936,1.49503,1.85531,0.335465,0.0304746,0.0198817,0.00350446,0.00308468,0.0038799,0.00377957,0.000831329,0.0127151,0.311609,0.594266,0.159976,0.000414161,0.00328525,0.00577649,0.000135453,0.000497357,3.11106e-05,0.00969259,0.0153884,0.818765,2.69023,1.1382,0.0546984,0.0126067,0,0.00098107,0.00283445,0.00692984,0.00660421,0.00325632,0.141299,0.601415,0.374078,0.0167334,0.000363545,0.00214088,0.000345762,0.00330506,0.00156888,0.00382835,0.0192887,0.206818,1.66474,1.69701,0.268584,0.0406079,0.0182785,0.00281265,0.00306918,0.000397404,0.000170302,1.88958e-05,0.00671223,0.343562,0.572816,0.119665,0.000138061,0.00138414,0.00337168,0.000781344
114.427936508,0.00108379,0.00201073,0.00177559,1.0391e-06,0.00885138,0.0183866,0.135421,0.560871,0.300491,0.0247,0.0013716,0.00232936,0.00095272,0.00286132,0.00119482,0.00977858,0.0273886,0.0993932,1.48928,1.81561,0.291434,0.00905663,0.00415198,0.00350446,0.00308468,0.0038799,0.00377957,0.000831329,0.0134183,0.2948,0.549627,0.119162,0.000414161,0.00328525,0.00577649,0.000135453,0.000497357,3.11106e-05,0.00969259,0.0157021,0.725893,2.55477,1.02001,0.0546984,0.0126067,0,0.00098107,0.00283445,0.00692984,0.00660421,0.00325632,0.104892,0.514017,0.311868,0.0118155,0.000363545,0.00214088,0.000345762,0.00330506,0.00156888,0.00382835,0.0192887,0.208988,1.62981,1.64892,0.244699,0.0406079,0.0182785,0.00281265,0.00306918,0.000397404,0.000170302,1.88958e-05,0.00671223,0.218662,0.408664,0.0721368,0.000138061,0.00138414,0.00337168,0.000781344
115.914013605,0.00108379,0.00201073,0.00177559,1.0391e-06,0,0.00327905,0.132199,0.59339,0.316854,0.025179,0.0013716,0.00232936,0.00095272,0.00286132,0.00119482,0.000689176,0.0032611,0.089244,1.45292,1.81466,0.294167,0.00716975,0.00283671,0.00350446,0.00308468,0.000701884,0.00011541,0.000298512,0.0134183,0.307235,0.587239,0.124142,0.000414161,0.00328525,0.00577649,0.000135453,0.000497357,0,0.00145596,0.0131674,0.716801,2.59136,1.00738,0.041405,0.000450637,0,0.00098107,0.00283445,0.000262944,0.000819037,0.00246312,0.110575,0.551235,0.328124,0.0118155,0.000363545,0.00214088,0.000345762,0.00330506,0.00156888,0.000633181,0.0055062,0.180259,1.59955,1.65963,0.24487,0.0121611,0.000226859,0.000857951,0.00245967,1.15925e-06,0,0,0.00740651,0.232653,0.435469,0.0740014,0.000138061,0.00138414,0.00337168,0.000781344
117.400090703,0,0.00201073,0.00177559,1.0391e-06,0,0.00327905,0.130126,0.605337,0.31881,0.0252857,0.00100141,0,9.35351e-07,0.00286132,0.00119482,0,0.00193006,0.0889366,1.47258,1.8093,0.285226,0.00678738,0,4.17176e-07,0.00308468,0.000701884,0,0,0.0131336,0.289629,0.555442,0.118443,2.14878e-05,0,0,0.000135453,0.000497357,0,0.000859117,0.0129053,0.687941,2.58102,1.0388,0.0413903,0.000450637,0,0.00098107,0.00283445,0.000262944,0.000202514,0.00149784,0.104406,0.525835,0.308988,0.0117601,0,0,0,0.00328117,0.00142899,0,0.00391479,0.179018,1.62991,1.69723,0.244861,0.0112136,0,0.000857951,0.00245967,1.15925e-06,0,0,0.00740651,0.207817,0.386712,0.0585452,0,0,0,0.000781344
118.886167800,0,0.00201073,0.00808006,0.00373231,0,0.00327905,0.116882,0.592715,0.304848,0.0229436,0.00100141,0,9.35351e-07,0.00286132,0.00119482,0,0.00193006,0.0871309,1.41399,1.72683,0.253923,0.00678738,0,4.17176e-07,0.00776948,0.0125129,0,0,0.0143329,0.300194,0.557375,0.0958647,2.72357e-05,0,0,0.000435774,0.00895841,0.000325888,0.000859117,0.0129053,0.701805,2.5651,0.999025,0.0413903,0.000450637,0,0.00098107,0.00283445,0.000262944,0.000202514,0.00149784,0.0969138,0.571901,0.321898,0.00898937,0,0,0,0.00328117,0.00142899,0,0.00391479,0.147523,1.54037,1.63074,0.228079,0.0112136,0,0.000857951,0.00245967,1.15925e-06,0,0,0.00732168,0.204104,0.404235,0.0525118,0,0,0,0.000781344
120.372244898,0,0.00201073,0.0082409,0.00373231,0,0.00327905,0.106404,0.573593,0.306477,0.025259,0.00100141,0,0.0079757,0.0186272,0.00119482,0,0.00193006,0.084853,1.33197,1.70008,0.239183,0.00678738,0,4.17176e-07,0.00776948,0.0125129,0,0,0.0143329,0.318517,0.588711,0.106761,2.72357e-05,0,0,0.00598303,0.0105537,0.000325888,0.000859117,0.0129053,0.713198,2.50359,0.911775,0.0156139,0.000450637,0,0.00098107,0.00788473,0.00168676,0.000202514,0.00149784,0.0976336,0.58242,0.333759,0.00906015,0,0,0.0157009,0.0141826,0.00544203,0,0.00391479,0.149232,1.54222,1.59221,0.191588,0.0112136,0,0.000857951,0.00898652,0.0184997,0,0,0.00732168,0.232378,0.445457,0.0632994,0,0,0.000616893,0.00904137
121.858321995,0,0.00201073,0.00992139,0.00718941,0,0.00327905,0.107747,0.517157,0.277526,0.0225471,0.00100141,0,0.0079757,0.0186272,0.00119482,0,0.00193006,0.0707895,1.21573,1.53556,0.235022,0.00678738,0,4.17176e-07,0.00811341,0.0137077,0,0,0.00593983,0.270602,0.500444,0.0910072,2.72357e-05,0,0,0.00598303,0.0105537,0.000325888,0.000859117,0.0100581,0.661719,2.29229,0.991911,0.0156139,0.000450637,0,0.00098107,0.0112062,0.00336515,0.000202514,0.00149784,0.0797704,0.470248,0.281702,0.00868761,0,0,0.0157009,0.0141826,0.00544203,0,0.00391479,0.134865,1.41649,1.49167,0.192561,0.0112136,0,0.000857951,0.00898652,0.0184997,0,0,0.00531901,0.195026,0.379785,0.0579711,0,0,0.000616893,0.00904137
123.344399093,2.95082e-06,0.00206996,0.00998712,0.00731901,3.20181e-05,0.00328076,0.10682,0.507337,0.256855,0.0225974,0.00115082,0.000103279,0.00798753,0.0186657,0.00123003,3.03791e-06,0.00193006,0.0695921,1.10352,1.34308,0.20066,0.00682291,7.5895e-05,4.17176e-07,0.00816037,0.0137077,2.72386e-06,0,0.00542575,0.260625,0.46871,0.0893654,3.06792e-05,6.80505e-05,0,0.00612254,0.0105537,0.000325888,0.000859117,0.0100581,0.633156,2.02317,0.902906,0.0135375,0.000450637,0.000508852,0.00196417,0.0112062,0.00336515,0.000202514,0.00149784,0.08328,0.478256,0.273369,0.00950811,0,0,0.0165948,0.0142161,0.00544203,0,0.00391479,0.127676,1.22358,1.31216,0.175883,0.0112136,0,0.00184397,0.00939775,0.019631,0.000257325,0,0.00414617,0.196426,0.373156,0.0606345,0,0,0.00194406,0.0108923
124.830476190,3.03646e-06,0.00207019,0.00998855,0.00732499,3.21124e-05,0.00328091,0.0989821,0.447902,0.241914,0.0225974,0.00115412,0.000103443,0.00798996,0.018672,0.00132939,7.07021e-05,0.00194035,0.0578381,0.948127,1.17872,0.194398,0.00682291,7.5905e-05,1.25136e-06,0.00817765,0.0137731,2.45807e-05,2.14175e-06,0.0037757,0.233098,0.42977,0.0894394,3.09809e-05,6.81249e-05,2.15011e-07,0.00615174,0.0105759,0.000331281,0.000882471,0.0100597,0.557452,1.80332,0.81751,0.0110276,0.000526626,0.000547905,0.0019685,0.0112143,0.00336603,0.000202914,0.00149793,0.0832887,0.478298,0.273426,0.00950863,1.03909e-05,9.16304e-07,0.0165956,0.0142161,0.00544216,2.78906e-07,0.00391747,0.10257,1.07044,1.09759,0.166277,0.0112154,3.69504e-07,0.00184409,0.00939776,0.0196338,0.000262692,2.06007e-06,0.00414625,0.196426,0.374206,0.0611713,2.73941e-07,1.00878e-07,0.00194416,0.0108933
126.316553288,2.07202e-05,0.00207866,0.00999261,0.00732515,3.60122e-05,0.00328578,0.0990086,0.372176,0.197705,0.0200224,0.00115425,0.000106675,0.00802912,0.0187137,0.00133385,7.08724e-05,0.00194051,0.0573056,0.845424,1.06791,0.17702,0.00682292,7.76775e-05,7.4275e-06,0.00818385,0.0137854,2.50728e-05,3.14438e-06,0.00378379,0.220661,0.387089,0.0810277,1.05255e-05,7.28153e-05,3.38723e-06,0.00616633,0.0105788,0.000331332,0.000882488,0.0100609,0.540988,1.725,0.789565,0.01098,0.000527143,0.000555785,0.0020031,0.0112641,0.00337008,0.000202983,0.00149809,0.0789013,0.375235,0.220266,0.00873713,1.08199e-05,1.83413e-06,0.0166112,0.014336,0.00544784,2.78906e-07,0.00391839,0.101683,0.994333,1.02876,0.158373,0.0112174,5.98778e-06,0.0018683,0.00940667,0.0196345,0.00028282,2.63818e-06,0.00375289,0.180771,0.325804,0.0593037,5.77892e-07,3.55197e-07,0.00195243,0.0108962
127.802630385,2.083e-05,0.00208639,0.010002,0.00733269,3.65769e-05,0.00327305,0.0979431,0.367405,0.18902,0.0133837,0.000153007,0.000110775,0.00803988,0.0188025,0.00133807,7.3023e-05,0.00194411,0.050716,0.776063,0.936184,0.132766,3.63311e-05,7.88201e-05,2.18438e-05,0.00822274,0.0138221,2.55527e-05,3.57384e-06,0.00228953,0.200564,0.360353,0.0737829,2.03238e-05,8.9587e-05,6.04237e-05,0.00617757,0.0105869,0.00033409,0.000883361,0.0100695,0.486355,1.49215,0.605097,0.00441241,8.1321e-05,0.000570944,0.00202776,0.0112685,0.00337079,0.000203442,0.0015004,0.0783393,0.369596,0.215292,0.00868132,1.18441e-05,5.26752e-06,0.0166213,0.0143444,0.00545849,1.70686e-06,0.00391851,0.099985,0.909015,0.896962,0.0861611,5.5346e-06,6.68565e-06,0.00187632,0.00942371,0.0196459,0.000283721,2.63818e-06,0.00375543,0.172399,0.315453,0.0571249,5.77892e-07,3.55197e-07,0.00195526,0.0108999
129.288707483,2.08475e-05,0.00230918,0.0105751,0.0073327,3.7784e-05,6.79765e-06,0.0654678,0.313641,0.165968,0.0113296,0.00016081,0.000110838,0.0080419,0.0188438,0.00136181,0.000271497,5.43593e-05,0.0365105,0.670463,0.862969,0.132257,5.93434e-05,8.27456e-05,2.21372e-05,0.00823225,0.0138606,9.8781e-05,1.74817e-05,0.00229689,0.162782,0.307688,0.0608769,2.61383e-05,8.95966e-05,6.17804e-05,0.00618512,0.0108702,0.000383066,3.252e-05,0.0010077,0.441456,1.4177,0.586884,0.00379806,8.13765e-05,0.000570944,0.00207781,0.0113218,0.00337627,1.96836e-06,2.78809e-06,0.0757535,0.350842,0.200437,0.00784777,1.19192e-05,5.26752e-06,0.016625,0.0144932,0.00548306,3.87211e-06,3.71476e-06,0.0619719,0.799437,0.838219,0.0862256,1.70731e-05,1.60403e-05,0.00188516,0.009448,0.0196749,0.000305076,8.79033e-06,0.00179885,0.167519,0.311586,0.056075,1.53391e-05,1.92938e-05,0.00202878,0.0109415
130.774784580,2.13852e-05,0.00232136,0.0105866,0.0073327,3.7784e-05,7.26935e-06,0.0551288,0.281829,0.140075,0.00885559,0.00016081,0.000110838,0.0080419,0.0189153,0.00141172,0.000272658,5.54144e-05,0.0365105,0.64767,0.824391,0.121448,5.99685e-05,8.27456e-05,6.50219e-05,0.00923568,0.0143952,0.000188226,1.74817e-05,0.00229692,0.148423,0.279438,0.0486357,2.61383e-05,8.96255e-05,6.55041e-05,0.00621593,0.0109242,0.000383066,3.252e-05,0.0010077,0.407671,1.35697,0.560146,0.00378886,8.13765e-05,0.000577841,0.00217504,0.011515,0.00337627,1.96836e-06,8.83929e-06,0.0467159,0.278487,0.154477,0.00419119,1.19192e-05,5.26752e-06,0.016625,0.014867,0.00563906,1.49487e-05,8.33772e-06,0.0583946,0.73539,0.780829,0.0826242,1.70731e-05,1.60403e-05,0.00189198,0.00950182,0.0196961,0.000305076,8.79033e-06,0.00176876,0.116299,0.237209,0.038952,1.66715e-05,1.92938e-05,0.00202878,0.0109692
132.260861678,3.36593e-05,0.00233371,0.0110009,0.00733303,3.7784e-05,7.26935e-06,0.0551288,0.281857,0.140084,0.00919897,0.00016081,0.000110838,0.00804582,0.0189691,0.00146189,0.000272658,5.54144e-05,0.034908,0.608813,0.765594,0.102577,5.99685e-05,8.27456e-05,6.56181e-05,0.00924547,0.0143953,0.00033859,0.000117973,0.0022999,0.148554,0.27968,0.0486482,2.62667e-05,8.97966e-05,8.10593e-05,0.00665635,0.011871,0.000425606,3.252e-05,0.00100798,0.361162,1.2189,0.478096,0.00448843,0.000118,0.000577841,0.00219772,0.0115487,0.00337627,0.00018733,1.13241e-05,0.0467544,0.278621,0.1545,0.0042195,1.19192e-05,5.43698e-06,0.01663,0.014872,0.00564039,1.49487e-05,8.33772e-06,0.055337,0.698751,0.730455,0.0682462,1.74245e-05,1.88119e-05,0.00191752,0.00967321,0.0197308,0.000314406,8.79033e-06,0.00176922,0.116303,0.237224,0.0389531,1.68336e-05,1.93155e-05,0.00204266,0.0110292
133.746938776,7.38772e-05,0.00242523,0.0110223,0.00733642,9.59187e-05,0.000110561,0.0463057,0.250966,0.130896,0.00920171,0.000175148,0.000198727,0.00816679,0.0189957,0.00146287,0.000272658,8.99413e-05,0.0260666,0.557718,0.717565,0.101777,9.27468e-05,8.27456e-05,0.000109441,0.00925472,0.0144069,0.00033993,0.000141227,0.00203869,0.135327,0.249263,0.0437521,3.8728e-05,0.000677857,0.000319439,0.00673928,0.011871,0.000425606,3.61313e-05,0.00100815,0.327309,1.13453,0.459433,0.00448843,0.000118,0.000602984,0.00239871,0.0116434,0.00339181,0.00018733,1.13241e-05,0.0462415,0.274073,0.147422,0.00426147,1.19192e-05,5.43698e-06,0.01663,0.0149159,0.00564602,6.22815e-05,4.38206e-05,0.0501501,0.645338,0.686158,0.0673857,2.18302e-05,1.88119e-05,0.00191752,0.00967321,0.0197308,0.000314406,5.47192e-05,0.00271602,0.116303,0.237224,0.0389531,1.68336e-05,1.93155e-05,0.00534428,0.0121416
135.233015873,7.74185e-05,0.00244855,0.0110777,0.00735393,9.87904e-05,0.000113574,0.0394169,0.21912,0.101687,0.00434093,0.00017758,0.000202176,0.00818299,0.0162464,0.000345257,0.000272672,9.12326e-05,0.0249557,0.502483,0.60234,0.0660734,9.33077e-05,0.000106267,0.000111518,0.00850258,0.0140481,0.000354616,0.000142505,0.00204918,0.122836,0.216382,0.0344312,3.95332e-05,0.000679233,0.00032463,0.0066387,0.0113975,0.00042888,4.40524e-05,0.00101206,0.260111,0.934503,0.384121,0.0044965,0.000121906,0.000603795,0.0024085,0.0107493,0.00313468,0.00018883,1.20404e-05,0.0280166,0.209979,0.116181,0.00227186,1.32509e-05,1.24734e-05,0.0166537,0.0116841,0.00423025,6.30476e-05,4.48645e-05,0.0463138,0.594107,0.625128,0.0551241,2.34159e-05,1.94741e-05,0.00192997,0.00969211,0.0197344,0.000315899,5.70769e-05,0.00238988,0.087149,0.171774,0.021258,1.84748e-05,2.16243e-05,0.00534716,0.0121543
136.719092971,8.51475e-05,0.000437816,0.0121961,0.0073599,0.00011062,0.000114867,0.0349583,0.196649,0.0915822,0.00440846,0.00017758,0.000202801,0.00834605,0.0166734,0.000416488,0.000279883,9.14334e-05,0.0229766,0.396968,0.507983,0.049616,9.33077e-05,0.000106267,0.000189159,0.00652247,0.0138384,0.000365832,0.000142505,0.00206232,0.122854,0.216607,0.0347168,3.95332e-05,0.000679233,0.00032463,0.00667181,0.0117217,0.000547295,9.2795e-05,0.00101401,0.216603,0.810873,0.331198,0.00195293,0.000126015,0.000618274,0.00158966,0.010206,0.00316418,0.000277823,1.55607e-05,0.0280205,0.210477,0.116449,0.00230852,1.5717e-05,1.69281e-05,0.017414,0.0139383,0.00422692,7.08205e-05,6.10729e-05,0.0398019,0.506639,0.531236,0.0365074,2.34159e-05,1.9938e-05,0.00116308,0.00813033,0.0206746,0.00033008,5.70769e-05,0.00238988,0.0871495,0.171784,0.021266,0.000170763,5.35564e-05,0.00538379,0.0113833
138.205170068,8.51475e-05,0.000655287,0.014129,0.0080273,0.000114051,0.000114867,0.033056,0.182193,0.087904,0.00440846,0.00017758,0.000202969,0.00849745,0.0177633,0.000512964,0.000279883,9.14708e-05,0.0146773,0.317545,0.406708,0.0479417,9.33077e-05,0.000106267,0.000207009,0.00682542,0.0140246,0.000396518,0.000142505,0.00135907,0.103772,0.179773,0.0320744,3.95332e-05,0.000679233,0.00032501,0.00683411,0.0118031,0.000551109,9.2795e-05,0.000700334,0.193938,0.691514,0.316948,0.00195703,0.000126015,0.000618332,0.00159007,0.0102063,0.00316418,0.000277823,1.55607e-05,0.0241059,0.175033,0.0919485,0.00213804,1.5717e-05,1.69281e-05,0.0174145,0.0139416,0.00422791,7.08205e-05,6.10729e-05,0.0323273,0.416023,0.441684,0.0358902,2.34159e-05,1.9938e-05,0.00116308,0.00813033,0.0206746,0.00033008,5.70769e-05,0.00239003,0.0824192,0.150457,0.0204086,0.000170763,5.35564e-05,0.00538379,0.0113833
139.691247166,9.17359e-05,0.000742153,0.0141865,0.00803117,0.000119299,0.000114867,0.0327409,0.146707,0.0707606,0.0039297,0.00019281,0.000205189,0.00922554,0.0177637,0.000513061,0.000280302,9.25797e-05,0.0147168,0.294501,0.360834,0.0419583,9.33077e-05,0.000107123,0.000219901,0.00684448,0.0140313,0.000424012,0.000145871,0.00136174,0.0913803,0.142175,0.0270942,4.06551e-05,0.000679233,0.000441184,0.00696279,0.011805,0.000561189,9.79824e-05,0.00073203,0.190587,0.597811,0.293821,0.00109546,0.000127382,0.000624671,0.00166689,0.0104553,0.00338128,0.000277823,4.94059e-05,0.0184244,0.137912,0.0756995,0.00215464,1.5717e-05,1.7649e-05,0.0177173,0.0162104,0.00422973,7.08205e-05,6.10729e-05,0.0299446,0.373007,0.384415,0.0288322,2.52852e-05,4.93312e-05,0.00121337,0.00820814,0.0207062,0.000335847,6.2407e-05,0.00170474,0.0684566,0.123909,0.0188002,0.000184129,5.35564e-05,0.00538379,0.0118295
141.177324263,9.3514e-05,0.000742277,0.0141902,0.00803735,0.000126806,0.000115964,0.0319763,0.126741,0.0670482,0.00382684,0.000193771,0.000205388,0.00923196,0.0177639,0.000513372,0.00028341,9.30311e-05,0.0133264,0.208516,0.265677,0.0271777,9.47213e-05,0.000109222,0.000220293,0.00684521,0.0140392,0.000427118,0.000146967,0.00136519,0.0913806,0.142175,0.0270951,4.62045e-05,0.00068045,0.000442146,0.00696291,0.0118053,0.000561298,9.79824e-05,0.000733778,0.174658,0.491157,0.227798,0.00109829,0.000127405,0.000625102,0.00166708,0.0104587,0.00338661,0.000279304,5.08092e-05,0.0184244,0.137912,0.0757024,0.00215561,1.62245e-05,2.23979e-05,0.0177174,0.0162106,0.00423864,7.08415e-05,6.12253e-05,0.0295703,0.291212,0.29737,0.023993,2.52885e-05,4.94272e-05,0.0012134,0.00821878,0.0207065,0.000335851,7.09549e-05,0.00170487,0.0684566,0.123909,0.0188007,0.000184191,5.36549e-05,0.0053838,0.0118314
142.663401361,9.3529e-05,0.000742294,0.00788576,0.0043061,0.000126878,0.000116014,0.0160302,0.0498013,0.0282433,0.00294187,0.000193785,0.000205395,0.00923205,0.017764,0.000513403,0.000283414,9.30369e-05,0.007291,0.127511,0.170915,0.018444,9.47892e-05,0.000109302,0.000220376,0.0021605,0.0022282,0.000427173,0.000147143,0.000166023,0.0491119,0.0684551,0.0204995,4.06527e-05,0.000680535,0.000442199,0.00666275,0.00334423,0.000235615,9.82162e-05,0.000733871,0.100627,0.32624,0.175004,0.00109857,0.000127495,0.000625245,0.00166734,0.0104589,0.00338696,0.000279572,5.13589e-05,0.00926366,0.0421417,0.0295155,0.00103183,1.65939e-05,2.2555e-05,0.0177176,0.0162111,0.00423878,7.11046e-05,6.14942e-05,0.0143246,0.20402,0.216756,0.0177724,2.58352e-05,4.96936e-05,0.00121384,0.00821902,0.0207068,0.000336354,7.11627e-05,0.00104078,0.0490694,0.0747722,0.0170366,0.000184568,5.43465e-05,0.00538418,0.0118316
144.149478458,9.35297e-05,0.000742294,0.00772492,0.0043061,0.000126878,0.000116014,0.0160302,0.0433238,0.0179821,0.000626546,0.000193789,0.000205398,0.00125729,0.00199812,0.000513405,0.000283417,9.30391e-05,0.00715105,0.0627842,0.0611547,0.000629101,9.47912e-05,0.000109302,0.000220376,0.0021605,0.0022282,0.000427173,0.000147144,0.000166023,0.0307888,0.0371183,0.00960297,4.06543e-05,0.000680537,0.0004422,0.00111549,0.00174893,0.000235619,9.82219e-05,0.000733873,0.0629284,0.173679,0.114629,0.000725474,0.000127497,0.000625246,0.00166734,0.00540865,0.00196314,0.000279572,5.13592e-05,0.00854385,0.0316222,0.0176547,0.000961051,1.6596e-05,2.25582e-05,0.00201669,0.00530969,0.000225739,7.11078e-05,6.15026e-05,0.0126154,0.101978,0.115744,0.012529,2.58363e-05,4.97185e-05,0.00121386,0.0016922,0.00220827,0.000336354,7.11627e-05,0.00104078,0.0207959,0.0335501,0.00624894,0.000184569,5.43465e-05,0.00476729,0.00357161
145.635555556,9.35297e-05,0.000742294,0.00604443,0.000849005,0.000126878,0.000116014,0.000291028,0.00114,0.00137395,0.000626546,0.000193789,0.000205398,0.00125729,0.00199812,0.000513405,0.000283417,9.30391e-05,0.000308649,0.00122618,0.0025286,0.000629101,9.47912e-05,0.000109302,0.000220376,0.00181656,0.00103345,0.000427173,0.000147144,0.000166023,0.00539264,0.0132689,0.00337726,4.06543e-05,0.000680537,0.0004422,0.00111549,0.00174893,0.000235619,9.82219e-05,5.7815e-05,0.00237585,0.0134848,0.004908,0.000725474,0.000127497,0.000625246,0.00166734,0.00208721,0.000284759,0.000279572,5.13592e-05,0.00854385,0.0315353,0.0173528,0.000961051,1.6596e-05,2.25583e-05,0.00201669,0.00530969,0.000225739,7.1108e-05,6.15028e-05,0.00177587,0.0318576,0.0373036,0.00386254,2.58365e-05,4.97187e-05,0.00121386,0.0016922,0.00220827,0.000336354,7.11628e-05,0.00104078,0.0207959,0.0327106,0.00582472,0.000184569,5.43466e-05,0.00476729,0.00357161
147.121632653,9.05789e-05,0.000683067,0.0059787,0.000719405,9.48594e-05,0.000114298,0.000149675,0.00077607,0.000789227,0.000576227,4.43832e-05,0.000102118,0.00124546,0.00195959,0.000478195,0.000280379,9.30391e-05,0.000163463,0.000742088,0.00117048,0.000349112,5.92661e-05,3.34068e-05,0.000220376,0.00176961,0.00103345,0.000424449,0.000147144,0.000166023,0.000676315,0.00331674,0.00119527,3.72107e-05,0.000612486,0.0004422,0.000975983,0.00174893,0.000235619,9.82219e-05,5.7815e-05,0.00211963,0.00347881,0.00153698,0.000725474,0.000127497,0.000116394,0.000684234,0.00208721,0.000284759,0.000279572,5.13592e-05,0.000939807,0.00274262,0.000538727,0.000140549,1.6596e-05,2.25583e-05,0.00112285,0.00527618,0.000225739,7.1108e-05,6.15028e-05,0.000180425,0.000560154,0.000962553,0.00016972,2.58365e-05,4.97187e-05,0.000227848,0.00128097,0.00107692,7.90285e-05,7.11628e-05,0.000974898,0.000209982,0.00343274,0.00162214,0.000184569,5.43466e-05,0.00344013,0.00172071
148.607709751,9.04932e-05,0.000682838,0.00597727,0.000713417,9.47651e-05,0.000114147,0.000142108,0.000494193,0.000788593,0.000576194,4.10786e-05,0.000101955,0.00124303,0.00195334,0.000378838,0.000212714,8.275e-05,0.000158696,0.000694215,0.000902783,0.000211045,5.92619e-05,3.33968e-05,0.000219542,0.00175232,0.000968083,0.000402592,0.000145003,0.000161716,0.000451157,0.00302248,0.00112123,3.6909e-05,0.000612412,0.000441985,0.000946789,0.00172675,0.000230226,7.48675e-05,5.6269e-05,0.00206678,0.00343233,0.00152313,0.000721678,5.1509e-05,7.73418e-05,0.000679905,0.00207906,0.000283872,0.000279172,5.12732e-05,0.000931035,0.002701,0.000481223,0.000140023,6.20508e-06,2.1642e-05,0.00112202,0.00527617,0.000225616,7.08291e-05,5.88234e-05,0.000179829,0.000560014,0.000804432,8.68681e-05,2.40682e-05,4.93492e-05,0.000227725,0.00128096,0.00107414,7.36617e-05,6.91027e-05,0.000974821,0.000209813,0.00238275,0.00108531,0.000184295,5.42458e-05,0.00344003,0.00171967
150.093786848,7.28095e-05,0.000674364,0.00597321,0.000713261,9.08653e-05,0.000109285,0.000115564,0.000450279,0.000773551,0.000574522,4.09512e-05,9.87224e-05,0.00120387,0.00191156,0.000374381,0.000212544,8.2593e-05,0.000158174,0.000633931,0.000864956,0.00021011,5.92557e-05,3.16243e-05,0.000213366,0.00174612,0.000955722,0.0004021,0.000144,0.000153623,0.000433277,0.0028287,0.00109727,3.58766e-05,0.000607722,0.000438813,0.00093219,0.00172383,0.000230175,7.48513e-05,5.50315e-05,0.00205674,0.00341169,0.00151968,0.000721244,5.0992e-05,6.9462e-05,0.000645312,0.00202931,0.000279827,0.000279104,5.11054e-05,0.000883179,0.00268987,0.000472571,0.000137633,5.7761e-06,2.07241e-05,0.00110644,0.0051563,0.00021993,7.08291e-05,5.79001e-05,0.000168369,0.000484925,0.000796718,8.66807e-05,2.20378e-05,4.37309e-05,0.000203521,0.00127205,0.00107346,5.35338e-05,6.85246e-05,0.000970627,0.000204844,0.00232563,0.00108368,0.000183991,5.39914e-05,0.00343176,0.00171675
151.579863946,7.26997e-05,0.000666629,0.00596379,0.000705717,9.03006e-05,0.000109217,0.000113957,0.000445854,0.0007695,0.000573723,4.07817e-05,9.46224e-05,0.00119311,0.00182277,0.000370158,0.000210394,7.89932e-05,0.000140906,0.000588521,0.000841626,0.000186399,5.84601e-05,3.04817e-05,0.00019895,0.00170723,0.000918997,0.00040162,0.000143571,0.000148858,0.000426474,0.00281658,0.00108411,2.60784e-05,0.00059095,0.000381777,0.000920958,0.00171579,0.000227417,7.39783e-05,4.64195e-05,0.00202167,0.00331739,0.0015105,0.000718507,4.61762e-05,5.43024e-05,0.000620645,0.00202491,0.000279111,0.000278645,4.88034e-05,0.00087491,0.00265973,0.000438732,0.00013291,4.75184e-06,1.72907e-05,0.00109633,0.00514795,0.000209284,6.94011e-05,5.7788e-05,0.000166726,0.000473866,0.000786091,6.83158e-05,2.03018e-05,4.3033e-05,0.000195493,0.00125501,0.00106201,5.26326e-05,6.85246e-05,0.000968089,0.000181754,0.0023101,0.00108219,0.000183991,5.39914e-05,0.00342893,0.00171305
153.065941043,7.26822e-05,0.000443846,0.00539073,0.000705709,8.90935e-05,0.000109217,0.000113957,0.000432081,0.000442416,0.000487032,3.29796e-05,9.45591e-05,0.00119109,0.00178148,0.000346417,1.19193e-05,3.86798e-05,0.000103364,0.000515548,0.000652372,0.000146555,3.54478e-05,2.65562e-05,0.000198656,0.00169772,0.000880508,0.000328392,0.000129663,0.000141495,0.000265011,0.00232024,0.000954901,2.02639e-05,0.00059094,0.00038042,0.000913402,0.0014324,0.000178441,6.57019e-05,3.98415e-05,0.00201143,0.00325746,0.0014851,0.000714872,4.61208e-05,5.43024e-05,0.000570601,0.00197158,0.000273633,0.000277604,4.85711e-05,0.000874757,0.00264384,0.000415469,0.000132734,4.67678e-06,1.72907e-05,0.00109258,0.00499906,0.000184715,6.72359e-05,5.7788e-05,0.000164633,0.000433579,0.000567527,3.81417e-06,8.76335e-06,3.36784e-05,0.000186657,0.00123072,0.00103309,3.12781e-05,6.23725e-05,0.000960549,0.000142758,0.00226708,0.00107179,0.000169229,3.50528e-05,0.0033554,0.00167145
154.552018141,7.21445e-05,0.000431666,0.0053792,0.000705709,8.90935e-05,0.000108745,1.51965e-05,0.000275099,0.000418211,0.000485625,3.29796e-05,9.45591e-05,0.00119109,0.00170997,0.00029651,1.07588e-05,3.76248e-05,0.000103364,0.000303563,0.000535988,0.000146502,3.48228e-05,2.65562e-05,0.000155772,0.000694295,0.00034591,0.000238947,0.000129663,0.000141462,0.00026438,0.00221719,0.00086383,2.02639e-05,0.000590911,0.000376696,0.000882591,0.00137844,0.000178441,6.57019e-05,3.98415e-05,0.00174603,0.00205779,0.00108941,0.000714872,4.61208e-05,4.74051e-05,0.000473367,0.00177836,0.000273633,0.000277604,4.25199e-05,0.000124949,0.000883751,0.000400695,0.000126568,4.67678e-06,1.72907e-05,0.00109258,0.00462527,2.87096e-05,5.61593e-05,5.31651e-05,0.000164633,0.000433579,0.000567527,3.81417e-06,8.76335e-06,3.36784e-05,0.000179831,0.00117689,0.00101181,3.12781e-05,6.23725e-05,0.000960549,0.000142758,0.00113252,0.000509131,0.000167897,3.50528e-05,0.0033554,0.00164377
156.038095238,5.98704e-05,0.000419316,0.00496497,0.000705379,8.90935e-05,0.000108745,1.51965e-05,0.000247005,0.000408852,0.000142243,3.29796e-05,9.45591e-05,0.00118717,0.00165617,0.000246337,1.07588e-05,3.76248e-05,9.21129e-05,0.000288496,0.000357788,2.76402e-05,3.48228e-05,2.65562e-05,0.000155175,0.000684508,0.000345803,8.85826e-05,2.91716e-05,0.000138481,0.000132669,0.00197498,0.000851364,2.01355e-05,0.00059074,0.000361141,0.000442176,0.000431627,0.000135901,6.57019e-05,3.95697e-05,0.00174474,0.00203299,0.000687665,1.53066e-05,9.49773e-06,4.74051e-05,0.000450692,0.00174472,0.000273633,9.22427e-05,4.00351e-05,8.64407e-05,0.000750234,0.000377706,9.82608e-05,4.67678e-06,1.71213e-05,0.00108766,0.00462027,2.73797e-05,5.61593e-05,5.31651e-05,0.000164353,0.0004227,0.000556855,3.81417e-06,8.41191e-06,3.09068e-05,0.000154297,0.0010055,0.000977135,2.19483e-05,6.23725e-05,0.000960084,0.000137902,0.00111695,0.00050804,0.000167735,3.50311e-05,0.00334153,0.00158374